id_zdroje,ucetni_rok,mesic,castka_haleru,kategorie,popis_verejny,baze
39d2c67448b3,2022,1,53716,Telekomunikace / IT,pošta-internet,accrual_cost
3ca953ae6f59,2022,1,14520,Voda/kanalizace (provoz),revize plynové přípojky,accrual_cost
82e3eb44de9d,2022,2,53716,Telekomunikace / IT,pošta-internet,accrual_cost
cd89f923e9e0,2022,3,53716,Telekomunikace / IT,pošta-internet,accrual_cost
f61349b2eb9c,2022,3,18709600,Voda/kanalizace (provoz),"voda,kanalizace-tech dozor 2/2022",accrual_cost
601d6089f6c3,2022,4,53716,Telekomunikace / IT,pošta-internet,accrual_cost
345166a487a4,2022,4,9559000,Zámek (budova),zámek-pronájem stavebního jeřábu,accrual_cost
d40abf19481e,2022,4,1960200,Právní služby,čin.míst.spr.-právní služby,accrual_cost
293c8fc7b0e4,2022,5,53716,Telekomunikace / IT,pošta-internet,accrual_cost
bb3418ba5fa7,2022,6,53716,Telekomunikace / IT,pošta-internet,accrual_cost
227ae13f5506,2022,6,-200000,Geometr./znalecké/KN,ověřování a poplatek za vklad do KN,accrual_cost
00861b943097,2022,7,53716,Telekomunikace / IT,pošta-internet,accrual_cost
5c519d3f6b5b,2022,7,660000,Voda/kanalizace (provoz),"voda,kanalizace-technologický dozor",accrual_cost
b871b7d20e55,2022,8,53716,Telekomunikace / IT,pošta-internet,accrual_cost
9a7aa704eaf8,2022,8,30000,Ostatní,SDH-zdravotní prohlídka,accrual_cost
d002c8d041bb,2022,9,27000,Ostatní,rozhlasový poplatek,accrual_cost
3dfb31d83578,2022,9,53716,Telekomunikace / IT,pošta-internet,accrual_cost
11142bf2bb49,2022,9,871200,Ostatní,čin.míst.spr.-mapový portál,accrual_cost
6201776e3834,2022,10,53716,Telekomunikace / IT,pošta-internet,accrual_cost
a91a591a054e,2022,11,53716,Telekomunikace / IT,pošta-internet,accrual_cost
9238de929d13,2022,12,53716,Telekomunikace / IT,pošta-internet,accrual_cost
eed67b979de0,2022,12,-18709600,Opravy/storna dokladů,Oprava dokladu,accrual_cost
eed67b979de0,2022,12,910000,Opravy/storna dokladů,Oprava dokladu,accrual_cost
90f0c63f6ec9,2022,6,200000,Geometr./znalecké/KN,poplatek za vklad do KN,accrual_cost
dd862b22b035,2022,6,157300,Zámek (budova),zámek-nájem plošiny na opravu rýn,accrual_cost
7bda31253dd0,2022,9,172788,Ostatní,čin.míst.spr.-hosting k doméně,accrual_cost
1fe6e74fbbbf,2022,11,100000,Správa / odborné služby,čin.míst.spr.-služby BOZP,accrual_cost
489ec4b596a3,2022,11,760000,Voda/kanalizace (provoz),"voda,kanalizace-technický dozor",accrual_cost
3bc8c8e3c13d,2022,12,159430,Ostatní,čin.míst.spr.-materiál,accrual_cost
995ccb5c270c,2022,5,675000,Voda/kanalizace (provoz),kanalizace-deratizace,accrual_cost
832b8dc08267,2022,5,5136000,Zámek (budova),zámek-schodiště a madla v prostorách bývalé MŠ,accrual_cost
fac31d1b71b8,2022,5,254100,Veřejná zeleň,veř.zeleň-dovoz písku,accrual_cost
d64f9395941a,2022,6,5700,Ostatní,čin.míst.spr.-materiál,accrual_cost
b33356210af9,2022,10,466095,Odpady (svoz),svoz odpadů,accrual_cost
daeb6bb17045,2022,3,15600,Telekomunikace / IT,pohřebnictví-telefon,accrual_cost
7225738bcf46,2022,5,260000,Ostatní,čin.míst.spr.-Obec účtuje-dotazy,accrual_cost
2cf4796f391e,2022,6,18200,Telekomunikace / IT,pohřebnictví-vyúčtování telefon,accrual_cost
77b75d8c40d6,2022,9,15100,Telekomunikace / IT,pohřebnictví-telefon,accrual_cost
14dca74e5596,2022,10,560000,Voda/kanalizace (provoz),"voda, kanalizace-tech.dozor",accrual_cost
f4532db334cd,2022,11,23800,Telekomunikace / IT,pohřebnictví-vyúčtování telefon,accrual_cost
c65575426161,2022,4,1110000,Voda/kanalizace (provoz),"voda,kanalizace-tech.dozor 4/2022",accrual_cost
4a57c0479254,2022,9,3600,Poštovné,VaK-poštovné,accrual_cost
45561667bd38,2022,12,11000,Bankovní poplatky,bankovní poplatky,accrual_cost
f428b2d09d1f,2022,1,2820000,Voda/kanalizace (provoz),"voda,kanalizace-tech.pomoc",accrual_cost
2e1767caef90,2022,1,300000,ČOV / odpadní vody,veř.zeleň-zpracování dokumentace,accrual_cost
ab408e288fb2,2022,1,1000000,Veřejná zeleň,veř.zeleň-odborný dohled výsadeb,accrual_cost
a12a8663b1b2,2022,1,47200,Správa / odborné služby,čin.míst.spr.-tech.pomoc,accrual_cost
b6fedaa6fafe,2022,1,120100,Poštovné,čin.míst.spr.-poštovné,accrual_cost
ec0de6f96566,2022,4,610000,Voda/kanalizace (provoz),"voda,kanalizace-tech dozor za 3/2022",accrual_cost
af2d3417ba8a,2022,6,59000,Poštovné,čin.míst.spr.-poštovné,accrual_cost
c43c544cf3ab,2022,6,539500,Ostatní,vodovodní navrtací pas (přípojka),accrual_cost
f110f02d1a3f,2022,12,3960000,Právní služby,čin.míst.spr.-právní služby,accrual_cost
86496ddf08b8,2022,1,318400,Voda/kanalizace (provoz),voda-oprava vodoměrů výměnným způsobem,accrual_cost
b1615ce36084,2022,1,20000,Ostatní,SDH - teleskopické štafle,accrual_cost
b92e68faf77d,2022,1,190000,Správa / odborné služby,čin.míst.spr.-školení účetnictví,accrual_cost
4fb7ba7762de,2022,1,496100,Ostatní,čin.míst.spr.-evidence pozemků,accrual_cost
b508e26ccd38,2022,2,6231500,Zámek (budova),zámek-výměna plynových kotlů po zásahu bleskem,accrual_cost
a404d95fa4df,2022,2,860000,Voda/kanalizace (provoz),"voda, kanalizace-technický dozor",accrual_cost
eac5990013c5,2022,3,4000,Poštovné,čin.míst.spr.-poštovné,accrual_cost
775e7081081c,2022,4,7200,Poštovné,čin.míst.spr.-poštovné,accrual_cost
9c56da21dcc1,2022,9,126300,Odpady (svoz),odvoz odpadu na skládku,accrual_cost
e70cbf0aa022,2022,9,96000,Ostatní,převoz palivového dřeva,accrual_cost
136d72b20885,2022,12,1091371,Odpady (svoz),svoz odpadů,accrual_cost
c3da72f7a4cc,2022,12,8500,Poštovné,volba prezidenta - poštovné,accrual_cost
3ad3d0674a65,2022,12,2400,Poštovné,kancelář VaK-poštovné,accrual_cost
652229af2ba8,2022,12,-255240,Opravy/storna dokladů,Oprava dokladu,accrual_cost
652229af2ba8,2022,12,255310,Opravy/storna dokladů,Oprava dokladu,accrual_cost
d0a49bca7010,2022,12,3388000,Zámek (budova),zámek-nájem jeřábu,accrual_cost
71d32eac8eb5,2022,11,-10000,Odpady (svoz),poplatek za komunální odpad a poštovné,accrual_cost
8084d26a6975,2022,11,6000,Poštovné,správa VaK-poštovné,accrual_cost
687929bea10a,2022,11,17900,Ostatní,čin.míst.spr.-závěsný odznak s trikolorou,accrual_cost
63cf19cf563e,2022,11,622200,Voda/kanalizace (provoz),vodovodní navrtací pas (přípojka),accrual_cost
7e40c04fe3de,2022,6,1033307,Voda/kanalizace (provoz),voda-kalkulační výkaz,accrual_cost
4c15b2551bac,2022,6,884300,Ostatní,čin.míst.spr.-technická pomoc,accrual_cost
f2d24334a298,2022,8,303700,Ostatní,čin.míst.spr.-microsoft 365 Apps,accrual_cost
07a34ee732d0,2022,10,27000,Ostatní,rozhlasový poplatek,accrual_cost
bd1a83f3b520,2022,10,134880,Ostatní,čin.míst.spr.-certifikáty,accrual_cost
b29132ee8daa,2022,11,350900,Telekomunikace / IT,čin.míst.spr.-datový trezor,accrual_cost
86ccc56ce9bd,2022,11,82800,Voda/kanalizace (provoz),vodovodní navrtací pas (přípojka),accrual_cost
48fabd88b0fe,2022,12,4376570,Odpady (svoz),bioodpad,accrual_cost
3102ab6f2043,2022,1,435600,Ostatní,čin.míst.spr.-úřední deska,accrual_cost
44aeef2a442a,2022,3,126300,Zámek (budova),zámek-odvoz suti,accrual_cost
1726bb717519,2022,4,27000,Ostatní,rozhlasový poplatek,accrual_cost
1726bb717519,2022,4,25700,Veřejná zeleň,veř.zeleň-povinné ručení VARES,accrual_cost
0f09d1ba6a14,2022,8,960000,Voda/kanalizace (provoz),"voda,kanalizace-techn. dozor",accrual_cost
34e2517c5964,2022,10,406343,Odpady (svoz),svoz odpadů,accrual_cost
7a5e5521164c,2022,11,474375,Odpady (svoz),svoz odpadů,accrual_cost
dc86a8ea4465,2022,1,15170,Ostatní,"SDH-bourací sekera, tyč pro řízení provozu, vyprošťovací nástroj",accrual_cost
1e23ceb92fc2,2022,5,1800,Poštovné,čin.míst.spr.-poštovné,accrual_cost
02409fa1df24,2022,5,423500,Veřejná zeleň,veř.zeleň-odvoz hlíny,accrual_cost
0c796c8c6df4,2022,7,526930,Odpady (svoz),svoz odpadů,accrual_cost
83e840e861c7,2022,8,506575,Odpady (svoz),svoz odpadů,accrual_cost
d49b00839f4d,2022,9,853600,Ostatní,čin.míst.spr.-povinné ručení ford,accrual_cost
ababe6a5f140,2022,12,2377000,Zámek (budova),"pojištění-zámek,ZŠ,MŠ,kaple,obecní dům,kancelář OÚ,odpovědnost",accrual_cost
dbf9a8dd341d,2022,1,4000,Poštovné,čin.míst.spr.-poštovné,accrual_cost
d18b3bcd09bf,2022,4,460000,Zámek (budova),zámek-revize komínů,accrual_cost
8f0ebf1cd862,2022,4,506300,Ostatní,vodovodní navrtací pas (přípojka),accrual_cost
4bd7b3db48f2,2022,5,2023100,Ostatní,čin.míst.spr-udržovací poplatek,accrual_cost
eb1bdcb125cc,2022,5,1107060,Odpady (svoz),svoz odpadů,accrual_cost
43f2199ff7ff,2022,7,-672500,Geometr./znalecké/KN,"úhrada znaleckého posudku,geometrického plánu, vkladu do KN a ověřování",accrual_cost
cabdb7f06602,2022,7,-450000,Geometr./znalecké/KN,"úhrada znaleckého posudku, vklad do KN a legalizace",accrual_cost
b5b22fd6b20d,2022,7,-672500,Geometr./znalecké/KN,"úhrada znaleckého posudku, geometrického plánu, dkladu do KN a legalizace",accrual_cost
4013fadc802f,2022,9,110000,Správa / odborné služby,čin.míst.správy-školení-volby-EO,accrual_cost
01e0cc8cb1e3,2022,9,2976358,Ostatní,hřbitov-obnova trávníku,accrual_cost
eb23893c97f3,2022,9,30000,Veřejná zeleň,veř.zeleň-přezutí pneumatik Tera,accrual_cost
6dd3e90664da,2022,12,109900,Telekomunikace / IT,starosta-zoner licence,accrual_cost
8ed4a1ed8d0c,2022,2,17000,Ostatní,čin.míst.spr.-mytí obecního vozu,accrual_cost
d801ccce702b,2022,2,5000,Poštovné,čin.míst.spr.-poštovné,accrual_cost
7aa64a289790,2022,3,189000,Správa / odborné služby,čin.míst.spr.-školení,accrual_cost
57e2815e2323,2022,9,603603,Odpady (svoz),nebezpečný odpad,accrual_cost
a2684c952e0f,2022,10,1800,Poštovné,čin.míst.spr.-poštovné,accrual_cost
37b6836cda0a,2022,11,99400,Poštovné,čin.míst.spr.-poštovné,accrual_cost
3aedb6d13d17,2022,11,11600,Bankovní poplatky,bankovní poplatky,accrual_cost
e97cc7160caf,2022,12,400000,Ostatní,vodovodní přípojka,accrual_cost
04e3491b5da6,2022,8,3388000,Zámek (budova),zámek-zapůjčení jeřábu,accrual_cost
1dc7ab3c89f2,2022,9,110000,Správa / odborné služby,čin.míst.správy-školení-mzdy,accrual_cost
3993da6cb6fb,2022,3,767300,Odpady (svoz),svoz odpadů,accrual_cost
f7f7b41e6746,2022,3,556333,Odpady (svoz),svoz nebezpečných odpadů,accrual_cost
3c2c76fd23c3,2022,5,200000,Ostatní,návrh na vklad do katastru nemovitostí,accrual_cost
8e2eb867a719,2022,6,660000,Voda/kanalizace (provoz),"voda,kanalizace, tech.dozor",accrual_cost
5a74efda5ea8,2022,6,549098,Odpady (svoz),nebezpečný odpad,accrual_cost
d5c69c3d02bc,2022,9,660000,Voda/kanalizace (provoz),"voda, kanalizace-tech.dozor",accrual_cost
37e25bdd580f,2022,11,152500,Správa / odborné služby,čin.míst.spr.-tech.pomoc,accrual_cost
62ffdb7c3f24,2022,12,783306,Voda/kanalizace (provoz),voda-laboratorní rozbor,accrual_cost
0f61ba6537d3,2022,1,27000,Ostatní,rozhlasový poplatek,accrual_cost
0f61ba6537d3,2022,1,163800,Zámek (budova),zámek-vypracování statického posudku-doplatek fa,accrual_cost
0f61ba6537d3,2022,1,105000,Zámek (budova),zámek-statický posudek-doplatek fa,accrual_cost
b152c98542e3,2022,6,5000,Ostatní,"čin.míst.spr.-PHM, zápis změny v technickém průkaze",accrual_cost
70811004b793,2022,8,158926,Voda/kanalizace (provoz),voda-laboratorní rozbor,accrual_cost
a8ed9f5201a3,2022,10,158933,Voda/kanalizace (provoz),voda-kalkulační výkaz,accrual_cost
130fcfbd367c,2022,10,290400,Ostatní,čin.míst.spr.-registr nemovitostí,accrual_cost
2d31dc602bd2,2022,10,1032832,Ostatní,"starosta-notebook,antivir,instalace",accrual_cost
9f0b0f9db567,2022,10,1181444,Zámek (budova),zámek-revize plynových kotlů,accrual_cost
37cbed3af82f,2022,1,3500000,Zámek (budova),zámek-vizualizace,accrual_cost
d36dbd962138,2022,1,210000,Zámek (budova),"zámek,správa,kaple-revize hasících přístrojů",accrual_cost
aaa273ecccfa,2022,1,16200,Voda/kanalizace (provoz),"voda, kanalizace-poštovné",accrual_cost
ca7e353ac9fa,2022,2,735200,Ostatní,čin.míst.spr.-materiál a tech.pomo,accrual_cost
9121593124cc,2022,3,1089000,Ostatní,doprva kontejnerů,accrual_cost
f859fcd645d7,2022,5,7000,Poštovné,čin.míst.spr.-materiál a poštovné,accrual_cost
776e999961bf,2022,7,882000,Ostatní,čin.míst.spr.-daňový poradce,accrual_cost
9d35eb0a80a2,2022,8,10200,Bankovní poplatky,bankovní poplatky,accrual_cost
9264c833ef80,2022,10,970000,Voda/kanalizace (provoz),voda-revize hydrantů,accrual_cost
cb14ffaaa985,2022,12,49900,Telekomunikace / IT,starosta-zoner,accrual_cost
0d1c7e2cac05,2022,12,19000,Veřejná zeleň,"veř.zeleň-materiál, čin.míst.spr.-občerstvení, VaK-poštovné",accrual_cost
c2980df2c1b6,2022,12,605000,Veřejná zeleň,veř.zeleň-aktualizace manipulačního řádu na Biocentrum,accrual_cost
7ded13b8eaba,2022,4,382030,Odpady (svoz),svoz odpadů,accrual_cost
a80083b0fb6a,2022,7,3520000,Voda/kanalizace (provoz),zpravodaj,accrual_cost
952a81e25f78,2022,9,314600,Odpady (svoz),svoz odpadů,accrual_cost
2471cff51080,2022,10,50500,Voda/kanalizace (provoz),voda-kalkulační výměr,accrual_cost
0db0e11f6899,2022,12,1460000,Voda/kanalizace (provoz),"voda, kanalizace-tech. dozor",accrual_cost
819ad61e2635,2022,1,120000,Správa / odborné služby,čin.míst.spr.-školení mzdy,accrual_cost
7ba05b3ce8f1,2022,2,14520,Ostatní,hasiči-zásahové rukavice,accrual_cost
3108da0e5fc5,2022,2,158926,Voda/kanalizace (provoz),voda-laboratorní rozbor,accrual_cost
1c77af3e1512,2022,4,544460,Ostatní,čin.míst.spr.-daňový poradce,accrual_cost
f2b1a4431fcd,2022,4,580000,Ostatní,navrtací pas p.č.903/2 Za humny,accrual_cost
0cad2b955a04,2022,6,12600,Poštovné,čin.míst.spr.-poštovné,accrual_cost
27d3f0412130,2022,7,600000,Ostatní,vklady do KN,accrual_cost
c1427ca40b7a,2022,2,2613600,Právní služby,čin.míst.spr.-právní služby,accrual_cost
a1529f068b2d,2022,5,132000,Telekomunikace / IT,čin.míst.spr-datový trezor,accrual_cost
fde237eb7750,2022,6,2831400,Právní služby,čin.míst.spr.-právní služby,accrual_cost
6e503cc1d2ce,2022,7,1742400,Právní služby,čin.míst.spr.-právní služby,accrual_cost
f0b714b76e34,2022,8,27000,Ostatní,rozhlasový poplatek,accrual_cost
2f233382b19f,2022,8,320000,Právní služby,veřejnoprávní služby,accrual_cost
c986ab177cec,2022,10,538020,Ostatní,čin.míst.spr.-daňový poradce,accrual_cost
1f620986bd1b,2022,11,181500,Zámek (budova),zámek-kamna HEATER 20KW a stojan na kamna,accrual_cost
4b21279b714c,2022,11,12500,Poštovné,čin.míst.spr.-poštovné,accrual_cost
1151fb6a1fb2,2022,3,5800,Poštovné,čin.místs.pr.-poštovné,accrual_cost
1447a2fff332,2022,6,250000,Ostatní,čin.míst.spr.-Znal.pos. č.2313-17/022,accrual_cost
6e1ef587e37c,2022,6,415000,Zámek (budova),zámek-montáž lešení,accrual_cost
97597724e90f,2022,11,121000,Veřejná zeleň,veřejná zeleň-nájem BS,accrual_cost
8d45d95e238e,2022,3,376456,Odpady (svoz),svoz odpadů,accrual_cost
94130d983211,2022,6,399300,Zámek (budova),zámek-nájem plošiny,accrual_cost
25d0986f0ea4,2022,8,50800,Správa / odborné služby,čin.míst.spr.-tech.pomoc,accrual_cost
06b083101efd,2022,9,80000,Bankovní poplatky,bankovní poplatky,accrual_cost
16dceb6e62ea,2022,10,242000,Veřejná zeleň,veř.zeleň-dovoz štěrku,accrual_cost
62a9114a276c,2022,11,254100,Zámek (budova),"VO, zámek-práce s plošinou",accrual_cost
4b383fabc291,2022,1,430000,Ostatní,čin.míst.spr.-daňový poradce,accrual_cost
d809f443e935,2022,4,-200000,Geometr./znalecké/KN,úhrada znaleckého posudku a vkladu do KN,accrual_cost
ff2adf6d9260,2022,4,300000,Zámek (budova),zámek-stavba lešení,accrual_cost
33be9296926a,2022,4,166851,Voda/kanalizace (provoz),voda-kalkulační výměr,accrual_cost
de582eec1225,2022,5,3049200,Právní služby,čin.míst.spr.-právní služby,accrual_cost
b4d00730d071,2022,5,121000,Veřejná zeleň,veřejná zeleň-pronájem BS lahví,accrual_cost
35ad44dea61f,2022,5,1815000,Ostatní,čin.míst.spr.-návrh loga na obecní dům,accrual_cost
58f76dab1aa4,2022,6,93500,Bankovní poplatky,bankovní poplatky,accrual_cost
b6c4cf79aef9,2022,7,220000,Správa / odborné služby,dětské hřiště-revize,accrual_cost
774bf0768971,2022,8,806800,Ostatní,těžba dříví v obecním lese,accrual_cost
c9a54278edc7,2022,8,983500,Ostatní,obecní les-přibližování dříví,accrual_cost
36dc1936430e,2022,8,5800,Poštovné,čin.míst.spr.-poštovné,accrual_cost
709f8133269a,2022,10,1953666,Veřejná zeleň,veř.zeleň-následná péče,accrual_cost
58ad83140f2f,2022,11,3600000,Právní služby,čin.míst.spr.-právní služby,accrual_cost
a1d54c6b4f60,2022,1,517275,Ostatní,obecní knihovna-udržovací poplatek programu,accrual_cost
cc244f65f60a,2022,2,92000,Bankovní poplatky,bankovní poplatky,accrual_cost
292c70984106,2022,3,98500,Bankovní poplatky,bankovní poplatky,accrual_cost
7052d2e1a59d,2022,4,140000,Správa / odborné služby,čin.míst.spr.-školení,accrual_cost
43c335443f7e,2022,7,718595,Odpady (svoz),svoz odpadů,accrual_cost
d37a4a3921fe,2022,11,82500,Bankovní poplatky,bankovní poplatky,accrual_cost
06271ce36a07,2022,4,160000,Správa / odborné služby,čin.míst.spr.-školení,accrual_cost
c27fe74861e6,2022,7,18300,Poštovné,čin.míst.spr.-poštovné,accrual_cost
d4b0821a6e8d,2022,8,73000,Bankovní poplatky,bankovní poplatky,accrual_cost
78a19f74444c,2022,10,9700,Voda/kanalizace (provoz),"SDH,čin.míst.spr.,voda-poštovné",accrual_cost
ac7c1d9f1cce,2022,2,58333,Bankovní poplatky,bankovní poplatky,accrual_cost
ac7c1d9f1cce,2022,2,62500,Bankovní poplatky,bankovní poplatky,accrual_cost
a73219becef5,2022,2,80,Bankovní poplatky,bankovní poplatky,accrual_cost
a73219becef5,2022,2,1000,Bankovní poplatky,bankovní poplatky,accrual_cost
a95d424b4b1e,2022,2,25000,Bankovní poplatky,bankovní poplatky,accrual_cost
7b56255eb3fb,2022,2,5000,Bankovní poplatky,bankovní poplatky,accrual_cost
dfb4953b9b2d,2022,2,118120,Kopírování / tisk,čin.míst.spr.-kopírování,accrual_cost
b2a89bd4b6f8,2022,2,208222,Telekomunikace / IT,"voda, správa,starosta-telefony",accrual_cost
bd58b2e8f8f7,2022,2,238891,Telekomunikace / IT,"správa,pošta-telefony,internet",accrual_cost
63a6978f440c,2022,2,7826225,Odpady (svoz),svoz odpadů,accrual_cost
d5d34b3ec7df,2022,2,3267000,Právní služby,čin.míst.spr.-právní služby,accrual_cost
107f99b60726,2022,2,3388000,Zámek (budova),zámek-nájem jeřábu,accrual_cost
bbe39dce209e,2022,4,101600,Správa / odborné služby,čin.míst.spr.-tech.pomoc,accrual_cost
45876611fdb9,2022,5,89000,Bankovní poplatky,bankovní poplatky,accrual_cost
ca094ff300d6,2022,6,309760,Odpady (svoz),svoz odpadů,accrual_cost
b30caa35e64d,2022,11,4000,Poštovné,kancelář VaK-poštovné,accrual_cost
a753d3bb4ef6,2022,1,125500,Bankovní poplatky,bankovní poplatky,accrual_cost
da404c976307,2022,3,303202,Ostatní,rozhlas-poplatek OSA,accrual_cost
714f961d921d,2022,4,25000,Bankovní poplatky,bankovní poplatky,accrual_cost
cadaea8fe1aa,2022,4,108890,Kopírování / tisk,čin.míst.spr.-kopírování,accrual_cost
133a6b03aabb,2022,6,30000,Ostatní,SDH-lékařská prohlídka,accrual_cost
48e6f1113d9f,2022,7,25000,Bankovní poplatky,bankovní poplatky,accrual_cost
a4d2d881ea20,2022,10,86500,Bankovní poplatky,bankovní poplatky,accrual_cost
84fa5785ecf5,2022,11,196500,Správa / odborné služby,čin.míst.spr.-tech.pomoc,accrual_cost
024aa5c78f9d,2022,3,350000,Ostatní,čin.místs.pr.-geodetické práce,accrual_cost
8912d7c469ab,2022,4,160,Bankovní poplatky,bankovní poplatky,accrual_cost
8912d7c469ab,2022,4,1000,Bankovní poplatky,bankovní poplatky,accrual_cost
6dfb34cbace9,2022,4,117500,Bankovní poplatky,bankovní poplatky,accrual_cost
0fa244a2e93e,2022,4,38188,Bankovní poplatky,bankovní poplatky,accrual_cost
0fa244a2e93e,2022,4,52000,Bankovní poplatky,bankovní poplatky,accrual_cost
578ce9a70ba6,2022,4,238891,Telekomunikace / IT,"pošta,správa-vyúčtování telefony a internet",accrual_cost
f3e9cd69faf3,2022,4,202520,Telekomunikace / IT,"voda,starosta,správa-vyúčtování telefony",accrual_cost
195a07e1a4e8,2022,4,7688225,Odpady (svoz),svoz odpadů,accrual_cost
14aa3c3f4851,2022,4,5000,Bankovní poplatky,bankovní poplatky,accrual_cost
1fbeb8d6bfdd,2022,4,3388000,Zámek (budova),zámek-pronájem jeřábu,accrual_cost
86b6d44713f0,2022,6,25000,Bankovní poplatky,bankovní poplatky,accrual_cost
73e68a85f093,2022,6,80,Bankovní poplatky,bankovní poplatky,accrual_cost
73e68a85f093,2022,6,1000,Bankovní poplatky,bankovní poplatky,accrual_cost
fde8d1137428,2022,6,10900,Bankovní poplatky,bankovní poplatky,accrual_cost
81fad3083895,2022,6,90000,Kopírování / tisk,čin.míst.spr.-kopírování,accrual_cost
3a1913b73295,2022,6,5000,Bankovní poplatky,bankovní poplatky,accrual_cost
538c134d0d06,2022,6,258235,Telekomunikace / IT,"Voda, správa, starosta-vyúčtování telefony",accrual_cost
68ced7b6ece5,2022,6,255314,Telekomunikace / IT,"pošta,správa-vyúčtování telefony, internet",accrual_cost
ad4842500765,2022,6,7892738,Odpady (svoz),svoz odpadů,accrual_cost
ddea4976f5ce,2022,6,3137530,Odpady (svoz),svoz bioodpadu,accrual_cost
5c3805521186,2022,6,3388000,Zámek (budova),zámek-nájem jeřábu,accrual_cost
a33142edf9b9,2022,7,84000,Bankovní poplatky,bankovní poplatky,accrual_cost
5fa141ee7e1f,2022,9,80,Bankovní poplatky,bankovní poplatky,accrual_cost
5fa141ee7e1f,2022,9,1000,Bankovní poplatky,bankovní poplatky,accrual_cost
47a3f3880560,2022,9,25000,Bankovní poplatky,bankovní poplatky,accrual_cost
19c3779ebb39,2022,9,97800,Ostatní,čin.míst.spr.-kopírka,accrual_cost
45d6b986ce72,2022,9,9500,Bankovní poplatky,bankovní poplatky,accrual_cost
391e1916e3a2,2022,9,8206688,Odpady (svoz),svoz odpadů,accrual_cost
19642456eee2,2022,9,342034,Telekomunikace / IT,čin.míst.spr.-pošta-telefony a internet,accrual_cost
98985577beee,2022,9,249684,Telekomunikace / IT,"voda,správa,starosta-telefony",accrual_cost
5d6c1b62f648,2022,9,10000,Bankovní poplatky,bankovní poplatky,accrual_cost
c627dc529b17,2022,9,3388000,Zámek (budova),zámek-pronájem jeřábu,accrual_cost
50652cabd835,2022,9,4399560,Odpady (svoz),svoz bioodpadu,accrual_cost
1dd79e0e588f,2022,9,22358270,ČOV / odpadní vody,čištění odpadních vod,accrual_cost
2f6321677bcb,2022,11,25000,Bankovní poplatky,bankovní poplatky,accrual_cost
75512e357452,2022,11,240,Bankovní poplatky,bankovní poplatky,accrual_cost
75512e357452,2022,11,1000,Bankovní poplatky,bankovní poplatky,accrual_cost
0d1c579ea3e2,2022,11,249681,Telekomunikace / IT,"voda,správa,starosta-telefony",accrual_cost
d40235d32260,2022,11,342034,Telekomunikace / IT,"pošta,správa-telefony, internet",accrual_cost
769e22dcaa19,2022,11,170400,Kopírování / tisk,čin.míst.spr.-kopírování,accrual_cost
9b6dd0e6edc0,2022,11,7892738,Odpady (svoz),odvoz odpadů,accrual_cost
633500dd6090,2022,11,10000,Bankovní poplatky,bankovní poplatky,accrual_cost
75d1cf790527,2022,12,25000,Bankovní poplatky,bankovní poplatky,accrual_cost
57282b1fd5cc,2022,1,64583,Bankovní poplatky,bankovní poplatky,accrual_cost
57282b1fd5cc,2022,1,120400,Bankovní poplatky,bankovní poplatky,accrual_cost
006d3778bde3,2022,1,80,Bankovní poplatky,bankovní poplatky,accrual_cost
006d3778bde3,2022,1,1000,Bankovní poplatky,bankovní poplatky,accrual_cost
8ab993535ffa,2022,1,25000,Bankovní poplatky,bankovní poplatky,accrual_cost
47aebd6bc45f,2022,1,5000,Bankovní poplatky,bankovní poplatky,accrual_cost
06df57dbc179,2022,1,238891,Telekomunikace / IT,"čin.míst.spr.,pošta-telefony a internet",accrual_cost
83fd221622b0,2022,1,202820,Telekomunikace / IT,"správa,voda,starosta-vyúčtování telefony",accrual_cost
1c53fdd0a211,2022,1,255400,Kopírování / tisk,čin.míst.spr.-kopírování,accrual_cost
827db9b8e444,2022,1,365240,Odpady (svoz),odvoz odpadů,accrual_cost
055f3ae4e001,2022,1,8171225,Odpady (svoz),svoz odpadů,accrual_cost
df15b9248f3c,2022,1,119790,Ostatní,čin.míst.spr.-profil zadavatele,accrual_cost
5d8d24f5360c,2022,1,3388000,Zámek (budova),zámek-nájem stavebního jeřábu,accrual_cost
bb9e1ef96155,2022,1,714000,Ostatní,předpis závazků pozemky,accrual_cost
2feb8e4bf408,2022,3,80,Bankovní poplatky,bankovní poplatky,accrual_cost
2feb8e4bf408,2022,3,1000,Bankovní poplatky,bankovní poplatky,accrual_cost
5ac1f9e76692,2022,3,25000,Bankovní poplatky,bankovní poplatky,accrual_cost
b708fb108147,2022,3,8002175,Odpady (svoz),svoz odpadů,accrual_cost
2dcd11016d43,2022,3,96745,Kopírování / tisk,čin.míst.spr.-kopírování,accrual_cost
dc3572173d5c,2022,3,204351,Telekomunikace / IT,"čin.míst.spr.,voda,starosta-telefony",accrual_cost
530a94f44d79,2022,3,238891,Telekomunikace / IT,čin.míst.spr.pošta-internet a telefony,accrual_cost
dd70c01ab680,2022,3,5000,Bankovní poplatky,bankovní poplatky,accrual_cost
516b3580b53e,2022,3,63807,Bankovní poplatky,bankovní poplatky,accrual_cost
516b3580b53e,2022,3,27136,Bankovní poplatky,bankovní poplatky,accrual_cost
516b3580b53e,2022,3,15000,Bankovní poplatky,bankovní poplatky,accrual_cost
b31fe5e461fc,2022,3,101600,Ostatní,čin.míst.spr.-technická pomoc,accrual_cost
092967831e25,2022,5,80,Bankovní poplatky,bankovní poplatky,accrual_cost
092967831e25,2022,5,1000,Bankovní poplatky,bankovní poplatky,accrual_cost
3017b1dcd12c,2022,5,25000,Bankovní poplatky,bankovní poplatky,accrual_cost
da7b4b1af7b1,2022,5,11200,Bankovní poplatky,bankovní poplatky,accrual_cost
4612a9da1e6d,2022,5,146395,Kopírování / tisk,čin.míst.spr.-kopírování,accrual_cost
33003f7b1a16,2022,5,8171225,Odpady (svoz),svoz odpadů,accrual_cost
aa4e8e34a453,2022,5,1274000,Veřejná zeleň,veř.zeleň-zapůjčení nářadí k výsadbě stromů a keřů,accrual_cost
bbcab069f671,2022,5,386281,Odpady (svoz),svoz odpadů,accrual_cost
67329f4ca3c6,2022,5,273986,Telekomunikace / IT,"voda,správa,starosta-telefony",accrual_cost
d32625d07ea7,2022,5,248265,Telekomunikace / IT,"pošta-správa-internet,telefon",accrual_cost
0874a6c6d37e,2022,5,5000,Bankovní poplatky,bankovní poplatky,accrual_cost
449f283a20d5,2022,5,39600,Ostatní,starosta-kvalifikovaný certifikát,accrual_cost
266de990c1d8,2022,5,3388000,Zámek (budova),zámek-nájem jeřábu,accrual_cost
339f998db2e5,2022,7,160,Bankovní poplatky,bankovní poplatky,accrual_cost
339f998db2e5,2022,7,1000,Bankovní poplatky,bankovní poplatky,accrual_cost
fd6a9c44f4cd,2022,7,42800,Bankovní poplatky,bankovní poplatky,accrual_cost
890cc95330ab,2022,7,7892738,Odpady (svoz),svoz odpadů,accrual_cost
73caa065f7f9,2022,7,255244,Telekomunikace / IT,"pošta,čin.míst.spr.-vyúčtování telefony a internet",accrual_cost
1ece57bd539c,2022,7,272554,Telekomunikace / IT,"voda,správa,starosta-vyúčtování telefony",accrual_cost
5207983881c1,2022,7,5000,Bankovní poplatky,bankovní poplatky,accrual_cost
bafbfec6d182,2022,7,107700,Kopírování / tisk,čin.míst.spr.-kopírování,accrual_cost
0af717c2b09d,2022,8,25000,Bankovní poplatky,bankovní poplatky,accrual_cost
df8b7c46b67e,2022,8,100100,Kopírování / tisk,čin.míst.spr.-kopírování,accrual_cost
4e2b6bf9db23,2022,8,160,Bankovní poplatky,bankovní poplatky,accrual_cost
4e2b6bf9db23,2022,8,1000,Bankovní poplatky,bankovní poplatky,accrual_cost
a06de881003a,2022,8,5000,Bankovní poplatky,bankovní poplatky,accrual_cost
b0ae1d1ce6a8,2022,8,3388000,Zámek (budova),zámek-pronájem jeřábu,accrual_cost
f8814d60a353,2022,8,2831400,Právní služby,čin.míst.spr.-právní služby,accrual_cost
727389b172bb,2022,8,8375738,Odpady (svoz),svoz odpadů,accrual_cost
44fd2d7f783a,2022,8,255242,Telekomunikace / IT,"voda,správa,starosta,veř.zeleň-telefony",accrual_cost
0b9e722d18b5,2022,8,321809,Telekomunikace / IT,"správa,pošta-internet a telefony",accrual_cost
304c592f40aa,2022,10,48900,Bankovní poplatky,bankovní poplatky,accrual_cost
183aa31fc1e8,2022,10,25000,Bankovní poplatky,bankovní poplatky,accrual_cost
3cf1c88e13d7,2022,10,80,Bankovní poplatky,bankovní poplatky,accrual_cost
3cf1c88e13d7,2022,10,1000,Bankovní poplatky,bankovní poplatky,accrual_cost
39c1519c6682,2022,10,249684,Telekomunikace / IT,"voda,zeleň,správa,starosta-vyúčtování telefony",accrual_cost
2a38099e3a84,2022,10,342034,Telekomunikace / IT,"pošta,správa-vyúčtování telefony,internet",accrual_cost
830a0c19bf9b,2022,10,10000,Bankovní poplatky,bankovní poplatky,accrual_cost
a6843cee8bcb,2022,10,3388000,Zámek (budova),zámek-pronájem jeřábu,accrual_cost
967dafd9ddaa,2022,10,8375738,Odpady (svoz),svoz odpadů,accrual_cost
08b4eb50776a,2022,12,3049200,Právní služby,čin.míst.spr.-právní služby,accrual_cost
18f72bf320ef,2022,12,1724250,Zámek (budova),zámek-pronájem jeřábu,accrual_cost
4fc18ec464aa,2022,12,92000,Bankovní poplatky,bankovní poplatky,accrual_cost
5bc80c919d09,2022,12,80,Bankovní poplatky,bankovní poplatky,accrual_cost
5bc80c919d09,2022,12,1000,Bankovní poplatky,bankovní poplatky,accrual_cost
b3fe47552b03,2022,12,342034,Telekomunikace / IT,"pošta,správa-poplatek za telefony, internet",accrual_cost
ee468652f365,2022,12,249738,Telekomunikace / IT,"voda,zeleň,správa,statosta-poplatek za telefony",accrual_cost
da1429fb9014,2022,12,118200,Kopírování / tisk,čin.míst.spr.-kopírování,accrual_cost
04c9946cf4f6,2022,12,10000,Bankovní poplatky,bankovní poplatky,accrual_cost
862b481e6d90,2023,1,53716,Telekomunikace / IT,pošta-internet,accrual_cost
04047fe93ec2,2023,2,53716,Telekomunikace / IT,pošta-internet,accrual_cost
0514049df3a4,2023,2,644000,Ostatní,předpis závazků pozemky,accrual_cost
29f7a979f59b,2023,3,53716,Telekomunikace / IT,pošta-internet,accrual_cost
d1762b248ce7,2023,3,4719000,Zámek (budova),zámek-stěhování jeřábu,accrual_cost
7d33fdfb7892,2023,4,53716,Telekomunikace / IT,pošta-internet,accrual_cost
8ca9acae89ed,2023,5,53716,Telekomunikace / IT,pošta-internet,accrual_cost
4520e07ed4e0,2023,6,53716,Telekomunikace / IT,pošta-internet,accrual_cost
5f1c85cedda5,2023,7,53716,Telekomunikace / IT,pošta-internet,accrual_cost
13f9cb12f0d7,2023,8,53716,Telekomunikace / IT,pošta-internet,accrual_cost
c9c2cc14f02d,2023,9,53716,Telekomunikace / IT,pošta-internet,accrual_cost
2f93ea89d156,2023,10,53716,Telekomunikace / IT,pošta-internet,accrual_cost
ccbdfe0674d8,2023,11,800000,Geometr./znalecké/KN,čin.míst.spr.-znalecký posudek,accrual_cost
2584319163dd,2023,11,648000,Ostatní,pohřebnictví-mytí fasády kaple,accrual_cost
d391118c2087,2023,11,53716,Telekomunikace / IT,pošta-internet,accrual_cost
5272bff83ff0,2023,12,53716,Telekomunikace / IT,pošta-internet,accrual_cost
53e7946d3e01,2023,3,125000,Správa / odborné služby,čin.míst.spr.-služby BOZP,accrual_cost
181457e247d5,2023,10,677600,Zámek (budova),zámek-autorský dozor,accrual_cost
1c70d041bb08,2023,10,610000,Voda/kanalizace (provoz),"voda, kanalizace-tech. dozor",accrual_cost
bbe5fe56a1ff,2023,10,610000,Voda/kanalizace (provoz),"voda, kanalizace-tech. dozor",accrual_cost
ae8e52f724c2,2023,10,740000,Zámek (budova),"voda-revize hydrantů, zámek-nové HP",accrual_cost
0949b78c7a5b,2023,11,210000,Správa / odborné služby,čin.míst.spr.-školení KEO4 Spisová služba,accrual_cost
a97c8cba0098,2023,12,-30000,Opravy/storna dokladů,Oprava dokladu,accrual_cost
71f3207f21a5,2023,1,26410910,ČOV / odpadní vody,ČOV-voda převzatá,accrual_cost
24738b3d43fa,2023,4,29900,Veřejná zeleň,veř.zeleň-povinné ručení-VARES,accrual_cost
24738b3d43fa,2023,4,391000,Ostatní,čin.míst.spr.-povinné ručení-Yeti,accrual_cost
652f19fb554d,2023,4,420000,Ostatní,čin.míst.spr.-škoda Yeti-příprava STK,accrual_cost
3c47a2529ead,2023,4,996000,Ostatní,čin.míst.spr.-škoda Yati-výměna pneu včetně přezutí,accrual_cost
115b0534f908,2023,4,193000,Ostatní,čin.míst.spr.-škoda Yeti-STK,accrual_cost
0999b604bac6,2023,5,30300,Poštovné,čin.míst.spr.-poštovné,accrual_cost
0dea9912abba,2023,7,7987,Ostatní,SDH-LED svítilna akumulátor,accrual_cost
0aeeca362e53,2023,7,36269270,ČOV / odpadní vody,ČOV-voda převzatá,accrual_cost
e8a875d6bb73,2023,7,33900,Ostatní,SDH-páteřní deska,accrual_cost
f9e7fbb068b1,2023,7,3900,Ostatní,čin.míst.spr.-materiál a čistič na okna karcher,accrual_cost
bfa3fbc0f43f,2023,11,690900,Zámek (budova),zámek-prohlídka plynových kotů,accrual_cost
16bc3ce225f0,2023,1,20000,Telekomunikace / IT,čin.míst.spr.-dálkový přístup,accrual_cost
7a1e4ecb5382,2023,1,210000,Správa / odborné služby,čin.místs.spr.-školení účetnictví,accrual_cost
b0503922f2cb,2023,1,1110000,Voda/kanalizace (provoz),"voda,kanalizace-tech.dozor",accrual_cost
090e611d8591,2023,1,-200000,Geometr./znalecké/KN,ověření a polatek za vklad do KN,accrual_cost
ee462ce1eaa3,2023,2,14700,Telekomunikace / IT,pohřebnictví-vyúčtování telefon,accrual_cost
7734e2e2ef48,2023,4,610000,Voda/kanalizace (provoz),"voda, kanalizace-tech.dozor",accrual_cost
6078c8acef2b,2023,5,15600,Telekomunikace / IT,pohřebnictví-vyúčtování telefon,accrual_cost
0543f00fffff,2023,5,960000,Voda/kanalizace (provoz),"voda,kanalizace-technický dozor",accrual_cost
52aa0c2b965f,2023,8,17300,Telekomunikace / IT,pohřebnictví-telefon,accrual_cost
80ca5a0ec41f,2023,11,16100,Telekomunikace / IT,pohřebnictví-vyúčtování telefon,accrual_cost
65843a9569e1,2023,5,3615480,Telekomunikace / IT,čin.míst.spr.-licence na komunikační systém,accrual_cost
aa8878355b44,2023,6,560000,Voda/kanalizace (provoz),"voda,kanalizace-tech.dozor",accrual_cost
5f038bb0c168,2023,7,1260000,Voda/kanalizace (provoz),"voda, kanalizace-odborný dozor",accrual_cost
ed4166ffddda,2023,9,282656,Odpady (svoz),svoz odpadů,accrual_cost
ba71298dd180,2023,12,150000,Správa / odborné služby,čin.míst.spr.služby BOZP,accrual_cost
cc07c7e71ae2,2023,12,710000,Voda/kanalizace (provoz),"voda, kanalizace-tech.dozor",accrual_cost
bc7d69851948,2023,1,14520,Voda/kanalizace (provoz),kontrola plynových přípojek,accrual_cost
becbd432585a,2023,1,7892738,Odpady (svoz),svoz odpadů,accrual_cost
649b0c4f9ae6,2023,2,158930,Voda/kanalizace (provoz),voda-kalkulační výkaz,accrual_cost
7ddb37101724,2023,3,48654365,Zámek (budova),zámek-oprava střechy,accrual_cost
1f86f056a9cb,2023,6,315326,Odpady (svoz),svoz odpadů,accrual_cost
73db493055b8,2023,9,2577179,Ostatní,čin.míst.spr.,accrual_cost
3cfe31c2c1aa,2023,8,1310000,Voda/kanalizace (provoz),"voda,kanalizace-tech.dozor",accrual_cost
e15f36b8b97f,2023,8,158931,Voda/kanalizace (provoz),voda-kalkulační výměr,accrual_cost
c11b45796669,2023,9,188515,Voda/kanalizace (provoz),kontrola vodovodní přípojky,accrual_cost
8bfec11ea0f2,2023,10,290400,Ostatní,hřbitovní kaple-práce s plošinou,accrual_cost
0a10baefcb82,2023,8,545200,Voda/kanalizace (provoz),vodovodní přípojka,accrual_cost
b8bcbe701561,2023,9,871200,Ostatní,čin.míst.psr.-mapový systém-roční poplatek,accrual_cost
9c6e927ff91b,2023,11,3016880,Správa / odborné služby,čin.míst.spr.-notářské služby,accrual_cost
63ed71d32a24,2023,1,3960000,Voda/kanalizace (provoz),zpravodaj,accrual_cost
ba6e212e16e6,2023,1,1149500,Ostatní,vánoční přání,accrual_cost
006d5f009e25,2023,1,88020,Voda/kanalizace (provoz),voda-vyhledání poruchy,accrual_cost
d79dc7584a22,2023,1,517880,Ostatní,čin.míst.spr.-registr nemovitostí,accrual_cost
cdb64ef774ab,2023,2,193600,Ostatní,čin.míst.spr.-žulový znak,accrual_cost
7113f2088fa2,2023,3,948000,Zámek (budova),zámek-popis pokrývačských prací,accrual_cost
b21711174820,2023,5,2420000,Ostatní,čin.míst.spr.-KEO-udržovací poplatek,accrual_cost
9eae39acdaae,2023,8,454597,Odpady (svoz),svoz odpadů,accrual_cost
b76d6f96baac,2023,8,14000,Ostatní,čin.míst.spr.-kulaté razítko OÚ,accrual_cost
75a3167e6dce,2023,10,27000,Ostatní,rozhlasový poplatek,accrual_cost
75a3167e6dce,2023,10,397000,Ostatní,SDH-pojištění,accrual_cost
2a208a616946,2023,11,27300,Poštovné,činn.míst.spr.-poštovné,accrual_cost
9b2737eb3930,2023,1,27000,Ostatní,rozhlasový poplatek,accrual_cost
a42a5c1f104b,2023,2,169400,Ostatní,čin.míst.spr.-upgrade na verzi 7.x,accrual_cost
62f3efc67e68,2023,3,348916,Ostatní,rozhlasový poplatek OSA,accrual_cost
62a79ce22615,2023,3,710000,Voda/kanalizace (provoz),"voda,kanalizace-tech.dozor",accrual_cost
0e064d166722,2023,8,67440,Ostatní,čin.míst.spr.-kvalifikovaný certifikát,accrual_cost
6a725978f7a3,2023,10,7260000,Odpady (svoz),využívání odpadů-domácí kompostování,accrual_cost
df422afa219c,2023,11,467500,Správa / odborné služby,čin.míst.spr.-tech.pomoc,accrual_cost
7d6cd9ba9b8f,2023,8,302000,Voda/kanalizace (provoz),vytyčení vodovodu z vodojemu,accrual_cost
a2cb0c991379,2023,4,27000,Ostatní,čin.míst.spr.-rozhlasový poplatek,accrual_cost
88a65c93ceb8,2023,4,70000,Ostatní,nájemné pozemky-sběrný dvůr,accrual_cost
fc9029273d2c,2023,5,418781,Odpady (svoz),odvoz odpadů,accrual_cost
7a7aa2613aed,2023,6,685000,Voda/kanalizace (provoz),kanalizace-deratizace,accrual_cost
65232fb524b4,2023,6,208000,Ostatní,SDH-Tatra-STK a PHM,accrual_cost
b9e0ca102b57,2023,7,817030,Ostatní,čin.míst.spr.-daňový poradce,accrual_cost
2fa7ca1a2a34,2023,2,19600,Poštovné,"čin.míst.spr., knihovna-poštovné",accrual_cost
9bb14d3755f9,2023,3,477135,Odpady (svoz),svoz odpadů,accrual_cost
339c53327bd2,2023,7,2880000,Právní služby,čin.míst.spr.-veřejnoprávní služby,accrual_cost
eb26a706e3f5,2023,9,145200,Veřejná zeleň,veř.zeleň-dovoz kameniva,accrual_cost
8e82f4cd339e,2023,9,975421,Odpady (svoz),nebezpečný odpad,accrual_cost
6b874c944cfc,2023,9,74400,Poštovné,čin.míst.spr.-poštovné,accrual_cost
861a0ec26fe4,2023,9,100000,Ostatní,SDH-lékařské prohlídky,accrual_cost
66fb65924710,2023,10,5968930,Zámek (budova),zámek-nájem jeřábu včetně demontáže,accrual_cost
f8b70a2ad399,2023,11,7700,Poštovné,čin.míst.spr.-poštovné,accrual_cost
e1982e7d46b1,2023,12,200000,Správa / odborné služby,"Klub seniorů-občerstvení, dárky, služby",accrual_cost
818b23f26555,2023,11,210000,Správa / odborné služby,čin.míst.spr.-školení,accrual_cost
569899effe0c,2023,11,526400,Ostatní,čin.mísst.spr.-hosting,accrual_cost
8081681da0cb,2023,11,750000,Ostatní,kanalizační přípojka k novostavbě,accrual_cost
c1e901beefff,2023,12,118800,Telekomunikace / IT,starosta-prodloužení licence zoner,accrual_cost
49d3a937cbf3,2023,12,2377000,Zámek (budova),"pojištění-zámek, ZŠ, MŠ,kaple, obecní dům, kancelář OÚ, odpovědnost",accrual_cost
fb1fd48d27a6,2023,11,2060000,Voda/kanalizace (provoz),"voda, kanalizace-odborný zástupce",accrual_cost
c6976ed1365e,2023,1,143800,Kopírování / tisk,čin.míst.spr.-kopírování,accrual_cost
30baa13d267c,2023,10,158930,Voda/kanalizace (provoz),voda-kalkulační výměr,accrual_cost
fd418b862c72,2023,10,296450,Ostatní,čin.míst.spr.-evidence pozemků,accrual_cost
3c649a115d39,2023,11,956712,Odpady (svoz),svoz odpadů,accrual_cost
4a8efc0feed4,2023,1,302000,Správa / odborné služby,revize hasících přístrojů,accrual_cost
369c1dc87507,2023,1,200000,Geometr./znalecké/KN,vklad do KN a dar k životnímu jubileu,accrual_cost
8d7d8e71b61f,2023,2,810000,Voda/kanalizace (provoz),odborný dozor-voda a kanalizace,accrual_cost
1a65a500ab9d,2023,3,580800,Ostatní,čin.míst.spr.-přeprava kontejneru,accrual_cost
e001e0362a49,2023,3,1314665,Ostatní,čin.míst.spr.-přeprava kontejnerů,accrual_cost
1bd6fb47c2d0,2023,4,158930,Voda/kanalizace (provoz),voda-kalkulační výměr,accrual_cost
3e9dd2874941,2023,5,413000,Zámek (budova),zámek-revize komínů,accrual_cost
1f30c723f95a,2023,7,27000,Ostatní,rozhlasový poplatek,accrual_cost
aa7113581959,2023,7,1089000,Zámek (budova),zámek-doprava palivového dřeva,accrual_cost
b71954427263,2023,7,2299000,Zámek (budova),zámek-zpracování odpadového dříví,accrual_cost
d576cf2dc97e,2023,4,568020,Ostatní,čin.míst.spr.-daňový poradce,accrual_cost
75680b0270b0,2023,10,465971,Odpady (svoz),svoz odpadů,accrual_cost
6dd4a1e65f07,2023,10,78300,Poštovné,čin.míst.spr.-poštovné,accrual_cost
cae52fa9d992,2023,12,1033307,Voda/kanalizace (provoz),voda-kalkulační výměr,accrual_cost
4bd89140512b,2023,1,140000,Správa / odborné služby,čin.míst.spr.-školení MZDY,accrual_cost
df55cc64358d,2023,4,193600,Zámek (budova),zámek-dovoz písku,accrual_cost
480236fc0025,2023,6,268000,Ostatní,SDH-oplakováná TP,accrual_cost
068838413b1f,2023,7,2407900,Zámek (budova),zámek-přeprava dřeva na pilu,accrual_cost
368325121c4f,2023,10,-143748,Telekomunikace / IT,čin.míst.spr-mail-vratka uhrazené faktury,accrual_cost
25b32763200d,2023,10,595050,Ostatní,čin.míst.spr.-daňový poradce,accrual_cost
0d6401af2758,2023,10,221700,Správa / odborné služby,čin.míst.spr-tech.pomoc,accrual_cost
4081c55890c6,2023,1,101600,Ostatní,čin.míst.spr.-tech pomoc,accrual_cost
d0acd94a2ba8,2023,1,25000,Ostatní,školka-splátka úvěru,accrual_cost
f38e7c9a0b47,2023,2,25000,Ostatní,školka-splátka úvěru,accrual_cost
590f618c7ef5,2023,3,25000,Ostatní,školka-splátka úvěru a úroky,accrual_cost
3620066d882a,2023,3,174200,Správa / odborné služby,čin.míst.spr.-tech.pomoc,accrual_cost
04ff68777fb4,2023,4,25000,Ostatní,školka-splátka úvěru,accrual_cost
20f1edec74a4,2023,6,25000,Ostatní,školka-splátka úvěru a úroky,accrual_cost
7c15e3cf08fa,2023,6,2400000,Voda/kanalizace (provoz),voda-RDS rekonstrukce horské vpusti,accrual_cost
6d5478c7aeeb,2023,6,22300,Poštovné,čin.míst.spr.-poštovné,accrual_cost
e145b90e1d44,2023,7,25000,Ostatní,školka-splátka úvěru,accrual_cost
fda5a31a01b1,2023,7,602715,Odpady (svoz),svoz odpadů,accrual_cost
42e47d9ee852,2023,9,350000,Ostatní,čin.místs.pr.-Obec účtuje,accrual_cost
f51df204c716,2023,9,172788,Ostatní,čin.míst.spr.-hosting,accrual_cost
70a561678cb1,2023,9,25000,Ostatní,školka-splátka úvěru a úroky,accrual_cost
f23048e4d4e4,2023,10,25000,Ostatní,školka-splátka úvěru,accrual_cost
204b5dca9ab4,2023,11,25000,Ostatní,školka-splátka úvěru a úroky,accrual_cost
7ebf2259a454,2023,12,25000,Ostatní,školka-splátka úvěru,accrual_cost
e838aaf3afe6,2023,12,20800,Poštovné,kancelář VaK - poštovné,accrual_cost
7315ea07259c,2023,3,13600,Poštovné,čin.míst.spr.-poštovné,accrual_cost
e52bc2626c08,2023,4,1154000,Voda/kanalizace (provoz),vodovodní navrtací pas (přípojka),accrual_cost
98c5c22b91bd,2023,6,329500,Ostatní,čin.míst.spr.-microsoft aktualizace,accrual_cost
8a2d59a9f193,2023,8,25000,Ostatní,školka-splátka úvěru,accrual_cost
517583210789,2023,9,938034,Odpady (svoz),svoz odpadů,accrual_cost
4aed7dd51374,2023,11,41000,Poštovné,čin.místs.pr.-poštovné,accrual_cost
a720b74bb79a,2023,5,25000,Ostatní,školka-splátka úvěru,accrual_cost
d1e508cec199,2023,5,132000,Telekomunikace / IT,čin.míst.spr.-datový trezor,accrual_cost
df0b1159455a,2023,8,51200,Poštovné,čin.míst.spr.-poštovné,accrual_cost
c00e79b82a00,2023,9,143748,Telekomunikace / IT,čin.míst.spr-mail,accrual_cost
76c6780ce2ba,2023,1,22800,Voda/kanalizace (provoz),poštovné-faktury za vodné a točné,accrual_cost
1bf9f52ab229,2023,1,5800,Poštovné,čin.míst.spr.-poštovné,accrual_cost
99a48a14d375,2023,1,42500,Poštovné,volby prezidenta ČR-poštovné,accrual_cost
93288fa5cbd1,2023,1,517275,Ostatní,obecní knihovna-udržovací poplatek za program KS Tritius,accrual_cost
f58430726325,2023,1,129200,Poštovné,čin.mít.spr.-poštovné,accrual_cost
d1bbda1aae11,2023,2,260000,Ostatní,čin.míst.spr.-dotazy,accrual_cost
736aa066e818,2023,5,8800,Poštovné,čin.míst.spr.-poštovné,accrual_cost
0b94bdc7be50,2023,6,79500,Bankovní poplatky,bankovní poplatky,accrual_cost
129a2a899c3a,2023,7,250000,Správa / odborné služby,dětské hřiště-revize herních prvků,accrual_cost
28c455a66125,2023,7,135000,Odpady (svoz),odvoz odpadu na skládku,accrual_cost
ac70c67fed9d,2023,7,400800,Správa / odborné služby,čin.míst.spr.-tech.pomoc,accrual_cost
79d58c5cc55b,2023,7,291700,Odpady (svoz),uložení odpadu,accrual_cost
90fd3cb229f0,2023,10,210000,Správa / odborné služby,čin.míst.spr.-školení,accrual_cost
64a92eab421d,2023,1,2880000,Právní služby,veřejnoprávní služby,accrual_cost
5ee1c20bcaca,2023,1,511000,Správa / odborné služby,čin.míst.služby-daňový poradce,accrual_cost
b7016a56a08d,2023,2,111000,Bankovní poplatky,bankovní poplatky,accrual_cost
4c2b6a08b927,2023,3,94500,Bankovní poplatky,bankovní poplatky,accrual_cost
b439ef3ede1c,2023,4,24900,Poštovné,čin.míst.spr.-poštovné,accrual_cost
b9c0a3c11648,2023,9,487900,Správa / odborné služby,čin.místs.pr.-tech.pomoc,accrual_cost
b8cee6be54c3,2023,11,84000,Bankovní poplatky,bankovní poplatky,accrual_cost
7148f5903d71,2023,5,48400,Veřejná zeleň,"veř.zeleň, čin.míst.spr.-PHM, mediace",accrual_cost
8fcadf740a72,2023,6,24900,Ostatní,čin.míst.spr.-mytí automobilu,accrual_cost
63709e978dfe,2023,7,95500,Ostatní,zastup.obcí-token,accrual_cost
f0ed42c9efa4,2023,7,113700,Poštovné,čin.míst.spr.-poštovné,accrual_cost
5efd057bbea2,2023,8,79000,Bankovní poplatky,bankovní poplatky,accrual_cost
b283da2ac0d9,2023,1,116200,Správa / odborné služby,čin.míst.spr.-tech.pomoc,accrual_cost
f0ee4f77fdd7,2023,2,40000,Ostatní,SDH-kulové ventily-náhradní díly na TATRU,accrual_cost
b59f6391ce72,2023,3,17000,Ostatní,čin.míst.spr.-mytí vozu,accrual_cost
61f0e8c19964,2023,3,532400,Zámek (budova),zámek-autorský dozor,accrual_cost
fd9002d2d5ed,2023,4,632385,Odpady (svoz),svoz odpadů,accrual_cost
84d758659bb7,2023,5,95500,Bankovní poplatky,bankovní poplatky,accrual_cost
917c5a1eb60b,2023,6,1033307,Voda/kanalizace (provoz),voda-kalkulační výkaz,accrual_cost
688f7f72c28d,2023,9,31900,Ostatní,čin.míst.spr-materiál,accrual_cost
6831ff1814a5,2023,9,150000,Ostatní,činnost místní správy – dálniční známka (Škoda Yeti),accrual_cost
a865b5c60f97,2023,1,105500,Bankovní poplatky,bankovní poplatky,accrual_cost
ff98a8586dc1,2023,2,25000,Bankovní poplatky,bankovní poplatky,accrual_cost
dcf46c26d17e,2023,2,80,Bankovní poplatky,bankovní poplatky,accrual_cost
dcf46c26d17e,2023,2,1000,Bankovní poplatky,bankovní poplatky,accrual_cost
b0fbae871f67,2023,2,73200,Bankovní poplatky,bankovní poplatky,accrual_cost
9d441090c18e,2023,2,9509120,Odpady (svoz),svoz odpadů,accrual_cost
87ab921e3957,2023,2,132000,Kopírování / tisk,čin.míst.spr.-kopírování,accrual_cost
737e2255c7d7,2023,2,250245,Telekomunikace / IT,"voda,správa,zeleň,starosta-vyúčtování telefony",accrual_cost
11679b058211,2023,2,286926,Telekomunikace / IT,"pošta,správa-vyúčtování telefony a internet",accrual_cost
3a167f63f20b,2023,2,10000,Bankovní poplatky,bankovní poplatky,accrual_cost
3a1067991807,2023,2,5009400,Právní služby,čin.míst.spr.-právní služby,accrual_cost
b5980c79ea6f,2023,2,3388000,Zámek (budova),zámek-nájem jeřábu,accrual_cost
2c0daabcca3a,2023,3,617100,Odpady (svoz),svoz odpadů,accrual_cost
82beb7688cd8,2023,4,25000,Bankovní poplatky,bankovní poplatky,accrual_cost
37bf4a9fc781,2023,4,80600,Kopírování / tisk,čin.místs.pr.-kopírování,accrual_cost
c03cc2f76724,2023,6,4400,Zámek (budova),"čin.míst.spr.-poštovné, zámek-materiál",accrual_cost
1b23e9f9adb4,2023,10,78000,Bankovní poplatky,bankovní poplatky,accrual_cost
864a54356005,2023,3,948836,Odpady (svoz),nebezpečný odpad,accrual_cost
9a83fd532f18,2023,4,129500,Bankovní poplatky,bankovní poplatky,accrual_cost
00bcadb279e2,2023,5,500000,Zámek (budova),zámek-stavební povolení na opravu střechy,accrual_cost
f183e6f0f6e5,2023,6,917393,Odpady (svoz),svoz odpadů,accrual_cost
91feacb9ac8b,2023,7,84000,Bankovní poplatky,bankovní poplatky,accrual_cost
b6f19050086b,2023,8,293300,Správa / odborné služby,čin.míst.spr.-tech.pomoc,accrual_cost
fe291b14973e,2023,8,4290000,Voda/kanalizace (provoz),tisk zpravodaje,accrual_cost
8904d24e187e,2023,9,25000,Bankovní poplatky,bankovní poplatky,accrual_cost
22adad40cb8d,2023,9,21700,Kopírování / tisk,čin.míst.spr.-kopírování,accrual_cost
3dbfb46f0986,2023,12,25000,Bankovní poplatky,bankovní poplatky,accrual_cost
ec3305f6b2f3,2023,12,80,Bankovní poplatky,bankovní poplatky,accrual_cost
ec3305f6b2f3,2023,12,1000,Bankovní poplatky,baankovní poplatky,accrual_cost
df3625d907b4,2023,12,183800,Kopírování / tisk,čin.míst.spr.-kopírování,accrual_cost
73fa0fbcae8a,2023,12,116200,Správa / odborné služby,čin.míst.spr.-tech.pomoc,accrual_cost
d6ba2c9ad0a0,2023,1,70000,Ostatní,čin.míst.spr.-cestovné,accrual_cost
d5372a5a888e,2023,1,77400,Ostatní,volby prezidnta republiky-cestovné,accrual_cost
bbdd1e7cb6d8,2023,1,62500,Poštovné,čin.míst.spr.-poštovné,accrual_cost
2003bc73c2b3,2023,3,5227200,Právní služby,čin.míst.spr.-právní služby,accrual_cost
cb2b5110e065,2023,4,48300,Bankovní poplatky,bankovní poplatky,accrual_cost
b18555509a03,2023,4,80,Bankovní poplatky,bankovní poplatky,accrual_cost
b18555509a03,2023,4,1000,Bankovní poplatky,bankovní poplatky,accrual_cost
35effb06c04b,2023,4,249684,Telekomunikace / IT,"voda,správa,starosta,zeleň-vyúčtování telefony",accrual_cost
6346b47b8d23,2023,4,286926,Telekomunikace / IT,"pošta,správa-vyúčtování telefony a internet",accrual_cost
cea5659da380,2023,4,9509120,Odpady (svoz),svoz odpadů,accrual_cost
82e803078b5f,2023,4,10000,Bankovní poplatky,bankovní poplatky,accrual_cost
198c5306ca21,2023,4,4791600,Právní služby,čin.míst.spr.-právní služby,accrual_cost
8cfbfd9d2426,2023,4,1694000,Zámek (budova),zámek-pronájem jeřábu,accrual_cost
0dbc14cfb943,2023,5,688200,Ostatní,"čin.míst.spr.-servis PC, skartace",accrual_cost
9281f12047a4,2023,6,25000,Bankovní poplatky,bankovní poplatky,accrual_cost
6564d0a47f68,2023,6,80,Bankovní poplatky,bankovní poplatky,accrual_cost
6564d0a47f68,2023,6,1000,Bankovní poplatky,bankovní poplatky,accrual_cost
c5ebc96ee291,2023,6,11200,Bankovní poplatky,bankovní poplatky,accrual_cost
3d532c9cf484,2023,6,81200,Kopírování / tisk,čin.míst.spr.-kopírování,accrual_cost
a131f811e273,2023,6,223375,Telekomunikace / IT,"voda,zeleň,starosta,čin.míst.spr.-vyúčtování telefonů",accrual_cost
01ba1e04d218,2023,6,286926,Telekomunikace / IT,"pošta-tel.,správa-internet a telefon",accrual_cost
02ffdb2927d6,2023,6,10000,Bankovní poplatky,bankovní poplatky,accrual_cost
5c6b2900bf83,2023,6,9509120,Odpady (svoz),svoz odpadů,accrual_cost
4d6b46056745,2023,6,3652385,Odpady (svoz),svoz bioodpadu,accrual_cost
679fa1c6c8eb,2023,6,3388000,Zámek (budova),zámek-nájem jeřábu,accrual_cost
50e7c669eca0,2023,6,4573800,Právní služby,čin.míst.spr.-právní služby,accrual_cost
799b27c5679a,2023,9,75000,Bankovní poplatky,bankovní poplatky,accrual_cost
ef07624d0718,2023,9,80,Bankovní poplatky,bankovní poplatky,accrual_cost
ef07624d0718,2023,9,1000,Bankovní poplatky,bankovní poplatky,accrual_cost
585fdfdd4584,2023,9,9500,Bankovní poplatky,bankovní poplatky,accrual_cost
9205e119adda,2023,9,36300,Ostatní,čisn.míst.spr.-vyvěšení VZ,accrual_cost
38e53f07026e,2023,9,242000,Ostatní,čin.míst.spr.-webové stránky,accrual_cost
9561fc60bb12,2023,9,9509120,Odpady (svoz),svoz odpadů,accrual_cost
873de8e77ab8,2023,9,286926,Telekomunikace / IT,"správa,pošta-vyúčtování telefony, internet",accrual_cost
2a2c4637cb6e,2023,9,271886,Telekomunikace / IT,"voda,správa,zeleň,starosta-vyúčtování telefony",accrual_cost
048ba6c54909,2023,9,5662800,Právní služby,čin.míst.spr.-právní služby,accrual_cost
5000b6e0a2dd,2023,9,3388000,Zámek (budova),zámek-nájem jeřábu,accrual_cost
b07e97bc0d80,2023,9,4582270,Odpady (svoz),svoz biodpadu,accrual_cost
5b25261f8d63,2023,9,32616453,ČOV / odpadní vody,ČOV-voda převzatá,accrual_cost
ad3530818df7,2023,10,30000,Ostatní,SDH-lékařská prohlídka,accrual_cost
c24b6bcab850,2023,11,12900,Bankovní poplatky,bankovní poplatky,accrual_cost
c46e548fc6b0,2023,11,9509120,Odpady (svoz),svoz odpadů,accrual_cost
cbd03739e9cc,2023,11,25000,Bankovní poplatky,bankovní poplatky,accrual_cost
9798c623c1eb,2023,11,80,Bankovní poplatky,bankovní poplatky,accrual_cost
9798c623c1eb,2023,11,1000,Bankovní poplatky,bankovní poplatky,accrual_cost
9798c623c1eb,2023,11,7000,Bankovní poplatky,bankovní poplatky,accrual_cost
db5ca2e9f90e,2023,11,333960,Ostatní,čin.místs.pr.-doprava dřeva,accrual_cost
34167354667b,2023,11,114000,Kopírování / tisk,čin.míst.spr.-kopírování,accrual_cost
7c14059d3270,2023,11,285747,Telekomunikace / IT,"pošta, čin.míst.spr.-vyúčtování telefony",accrual_cost
df23cdebc0bf,2023,11,271886,Telekomunikace / IT,"voda,správa,veř zeleň,starosta-vyúčtování telefony",accrual_cost
0c20f3bd9faa,2023,11,1121,Telekomunikace / IT,správa-vyúčtování telefony,accrual_cost
2c13a544185c,2023,11,4766795,Odpady (svoz),svoz bioodpadu,accrual_cost
6e3a36459911,2023,11,1815000,Právní služby,čin.míst.spr.-právní služby,accrual_cost
9e2423f50989,2023,11,5227200,Právní služby,čin.míst.spr.-právné služby,accrual_cost
301068fd2dae,2023,1,117000,Bankovní poplatky,bankovní poplatky,accrual_cost
7f7ce4a697d3,2023,1,160,Bankovní poplatky,bankovní poplatky,accrual_cost
7f7ce4a697d3,2023,1,1000,Bankovní poplatky,bankovní poplatky,accrual_cost
f01eeb048f67,2023,1,435600,Ostatní,čin.míst.spr.-webový systém,accrual_cost
84e215825293,2023,1,256967,Telekomunikace / IT,"voda,veř.zeleň,správa,starosta-telefony",accrual_cost
40b4d0ca864f,2023,1,308258,Telekomunikace / IT,"pošta,správa-telefony a internet",accrual_cost
bec2b2957c61,2023,1,10000,Bankovní poplatky,bankovní poplatky,accrual_cost
8685718d46ae,2023,1,25000,Bankovní poplatky,bankovní poplatky,accrual_cost
d7294dc6352e,2023,1,10058820,Odpady (svoz),svoz odpadů,accrual_cost
379a36316c57,2023,1,262200,Kopírování / tisk,čin.míst.spr.-kopírování,accrual_cost
51e83d38edb3,2023,1,3388000,Zámek (budova),zámek-nájem jeřábu,accrual_cost
58871cf38d83,2023,1,5227200,Právní služby,čin.míst.spr.-právní služby,accrual_cost
6bef15f94a60,2023,1,500000,Voda/kanalizace (provoz),voda-poradenství,accrual_cost
778505034eef,2023,3,23526730,ČOV / odpadní vody,ČOV-voda převzatá,accrual_cost
7ab18dfaf4d4,2023,3,25000,Bankovní poplatky,bankovní poplatky,accrual_cost
61bba8a403cc,2023,3,22300,Bankovní poplatky,bankovní poplatky,accrual_cost
2d966c97d0ca,2023,3,80,Bankovní poplatky,bankovní poplatky,accrual_cost
2d966c97d0ca,2023,3,1000,Bankovní poplatky,bankovní poplatky,accrual_cost
648e0c18f490,2023,3,9882870,Odpady (svoz),svoz odpadů,accrual_cost
2c02d62d0f08,2023,3,252485,Telekomunikace / IT,"voda,správa,zeleň,starosta-vyúčtování telefony",accrual_cost
4a47ca01de06,2023,3,286926,Telekomunikace / IT,"pošta,správa-vyúčtování telefony a internet",accrual_cost
fbcc7d985448,2023,3,101400,Kopírování / tisk,čin.míst.sspr.-kopírování,accrual_cost
1f10cb311a43,2023,3,10000,Bankovní poplatky,bankovní poplatky,accrual_cost
47517f068d71,2023,3,72600,Ostatní,čin.míst.spr.-profil zadavatele,accrual_cost
a7253ec667c3,2023,3,32170818,ČOV / odpadní vody,ČOV-voda převzatá,accrual_cost
5d11034ee239,2023,5,25000,Bankovní poplatky,bankovní poplatky,accrual_cost
5a66a61c7f49,2023,5,10000,Bankovní poplatky,bankovní poplatky,accrual_cost
17a66d91f2ee,2023,5,80,Bankovní poplatky,bankovní poplatky,accrual_cost
17a66d91f2ee,2023,5,1000,Bankovní poplatky,bankovní poplatky,accrual_cost
d2b707a2e77d,2023,5,10084120,Odpady (svoz),svoz odpadů,accrual_cost
cb38d68cd458,2023,5,250684,Telekomunikace / IT,"voda,správa,zeleň,starosta-vyúčtování telefony",accrual_cost
9a9f6eb7796a,2023,5,286926,Telekomunikace / IT,"pošta,čin.míst.spr.-vyúčtování internet a telefony",accrual_cost
f4abb6f1ab44,2023,5,10000,Bankovní poplatky,bankovní poplatky,accrual_cost
05a511fdc024,2023,5,5227200,Právní služby,čin.míst.spr.-právní služby,accrual_cost
6f073a32c3b0,2023,5,107600,Kopírování / tisk,čin.míst.spr.-kopírování,accrual_cost
c43cef38b43b,2023,5,1013960,Voda/kanalizace (provoz),kaanalizace-kontrola splaškové kanalizace,accrual_cost
c42de032a78c,2023,5,3388000,Zámek (budova),zámek-nájem jeřábu,accrual_cost
5c3940687756,2023,5,62500,Ostatní,čin.místs.pr.-geodetické kopie,accrual_cost
9d096685b997,2023,7,80,Bankovní poplatky,bankovní poplatky,accrual_cost
9d096685b997,2023,7,1000,Bankovní poplatky,bankovní poplatky,accrual_cost
0be9258c2df6,2023,7,45900,Ostatní,bankvvoní poplatky,accrual_cost
b85d43a3da16,2023,7,107300,Kopírování / tisk,čin.míst.spr.-kopírování,accrual_cost
473074d34c52,2023,7,25000,Bankovní poplatky,bankovní poplatky,accrual_cost
ddc139c6802b,2023,7,3388000,Zámek (budova),zámek-nájem jeřábu,accrual_cost
ab14d547f88f,2023,7,10084120,Odpady (svoz),svoz odpadů,accrual_cost
71789b154029,2023,7,272446,Telekomunikace / IT,"voda,správa,zeleň,starosta-vyúčtování telefony",accrual_cost
819b6632cd5e,2023,7,286926,Telekomunikace / IT,"správa,pošta-vyúčtování internet, telefon",accrual_cost
ae43eda4cdcf,2023,7,10000,Bankovní poplatky,bankovní poplatky,accrual_cost
b400ff371c06,2023,7,239580,Ostatní,čin.míst.spr.-zadávací řízení,accrual_cost
58d0a7070505,2023,7,4791600,Právní služby,čin.míst.spr.-právní služby,accrual_cost
4eec20606bbe,2023,8,25000,Bankovní poplatky,bankovní poplatky,accrual_cost
8139c7045e5e,2023,8,160,Bankovní poplatky,bankovní poplatky,accrual_cost
8139c7045e5e,2023,8,1000,Bankovní poplatky,bankovní poplatky,accrual_cost
6adf6a07c8a1,2023,8,11200,Bankovní poplatky,bankovní poplatky,accrual_cost
3013a9ceba48,2023,8,9882870,Odpady (svoz),svoz odpadů,accrual_cost
812081732725,2023,8,242575,Telekomunikace / IT,"voda,správa,zeleň,starosta-vyúčtování telefony",accrual_cost
19c384af3c5a,2023,8,286926,Telekomunikace / IT,"pošta,správa-vyúčtování telefony-internet",accrual_cost
f65b04277880,2023,8,3388000,Zámek (budova),zámek-nájem jeřábu,accrual_cost
7ac4c279080e,2023,8,550000,Voda/kanalizace (provoz),vodovod-geodetické práce,accrual_cost
b1059a884e04,2023,8,177600,Kopírování / tisk,čin.míst.spr.-kopírování,accrual_cost
6cabdbede2b5,2023,8,30155620,Zámek (budova),zámek-oprava atiky a záhlaví trámů,accrual_cost
d8fc6fe31c9b,2023,10,25000,Bankovní poplatky,bankovní poplatky,accrual_cost
ca9b6beed62f,2023,10,80,Bankovní poplatky,bankovní poplatky,accrual_cost
ca9b6beed62f,2023,10,1000,Bankovní poplatky,bankovní poplatky,accrual_cost
d3a68666ee22,2023,10,50100,Bankovní poplatky,bankovní poplatky,accrual_cost
1cfe8e718f8c,2023,10,146300,Kopírování / tisk,čin.míst.spr.-kopírování,accrual_cost
73f16083e056,2023,10,286926,Telekomunikace / IT,"pošta,správa-vyúčtování telefony,internet",accrual_cost
9409fddf0533,2023,10,272446,ČOV / odpadní vody,"voda,zeleň,správa,starosta-vyúčování telefony",accrual_cost
d064d1017d49,2023,10,604785,Odpady (svoz),svoz odpadů,accrual_cost
ca71fbd198b5,2023,10,9920820,Odpady (svoz),svoz odpadů,accrual_cost
bc0a34ac1bb1,2023,10,151360,Ostatní,čin.míst.spr.-certifikáty,accrual_cost
1ec8005fb5e3,2023,12,3388000,Zámek (budova),zámek-nájem jeřábu,accrual_cost
b91bdf36bc76,2023,12,9206910,ČOV / odpadní vody,ČOV-voda převzatá,accrual_cost
f4ea1721fe4a,2023,12,86000,Bankovní poplatky,bankovní poplatky,accrual_cost
4ad620080424,2023,12,11400,Bankovní poplatky,bankovní poplatky,accrual_cost
1ab78148c5a6,2023,12,9509120,Odpady (svoz),svoz odpadů,accrual_cost
687df7df5ac0,2023,12,10000,Telekomunikace / IT,čin.míst.spr.-dálkové přístupy,accrual_cost
aaa42297f6d5,2023,12,271886,Telekomunikace / IT,"voda, správa, zeleň, starosta-vyúčtování telefony",accrual_cost
fda24799b09e,2023,12,286926,Telekomunikace / IT,"pošta, správa-vyúčtování telefony a internet",accrual_cost
da485eb0840b,2023,12,5009400,Právní služby,čin.míst.spr.-právní služby,accrual_cost
36bb203aa7d3,2023,12,9900,Bankovní poplatky,bankovní poplatky,accrual_cost
36bb203aa7d3,2023,12,10000,Bankovní poplatky,bankovní poplatky,accrual_cost
5958e01de29a,2024,1,53716,Telekomunikace / IT,pošta-internet,accrual_cost
71e6af0b28a9,2024,1,36905360,ČOV / odpadní vody,ČOV - voda převzatá,accrual_cost
3716e8a225a1,2024,1,14520,Ostatní,čin.míst.spr.-údržba plynnových přípojek,accrual_cost
16b7ad5eb701,2024,2,53716,Telekomunikace / IT,pošta-internet,accrual_cost
5f217b4a1afc,2024,3,53716,Telekomunikace / IT,pošta-internet,accrual_cost
d9aa076316ce,2024,4,53716,Telekomunikace / IT,pošta-internet,accrual_cost
575c2ae6d4b2,2024,5,53716,Telekomunikace / IT,pošta-internet,accrual_cost
71d95e25869c,2024,6,100200,Kopírování / tisk,čin.míst.spr.-kopírování,accrual_cost
d5b8972328fd,2024,6,53716,Telekomunikace / IT,pošta-internet,accrual_cost
9ce1da3fb13f,2024,7,53716,Telekomunikace / IT,pošta-internet,accrual_cost
578a5fdb057a,2024,7,11164171,Odpady (svoz),svoz odpadů,accrual_cost
80a5d6998143,2024,7,2387935,Odpady (svoz),svoz bioodpadu,accrual_cost
076801952101,2024,8,401841,Odpady (svoz),svoz odpadů,accrual_cost
ebdc7b8e07a9,2024,8,53716,Telekomunikace / IT,pošta-internet,accrual_cost
c3a9dcb24062,2024,9,53716,Telekomunikace / IT,pošta-internet,accrual_cost
88032c35b4d9,2024,9,4088000,Voda/kanalizace (provoz),tisk zpravodaje,accrual_cost
a7aacee40323,2024,10,11836931,Odpady (svoz),svoz odpadů,accrual_cost
0d60604f7204,2024,10,65000,Telekomunikace / IT,obecní knihovna-internet,accrual_cost
9afad3198c76,2024,10,130000,Kopírování / tisk,čin.míst.spr.-kopírování,accrual_cost
9c438c8697c6,2024,10,134000,Správa / odborné služby,čin. míst.spr.-oprava a revize hasících přístrojů,accrual_cost
59c972c6389b,2024,11,176700,Kopírování / tisk,čin.míst.spr.-kopírování,accrual_cost
50830e57bfc5,2024,11,65000,Telekomunikace / IT,knihovna-internet,accrual_cost
a3393ab063d3,2024,12,65000,Telekomunikace / IT,obecní knihovna-internet,accrual_cost
30515a3d8eff,2024,12,7186190,Zámek (budova),zámek-stavební prácena fasádě zámku a pronájem lešení,accrual_cost
87f47c6f47e4,2024,1,714000,Ostatní,předpis závazků pozemků,accrual_cost
c728f18c1108,2024,4,95500,Ostatní,čin.míst.spr.-token,accrual_cost
bdcff4b663c5,2024,5,346000,Zámek (budova),zámek-pasport pohledů,accrual_cost
e0fb4e98182c,2024,8,118300,Kopírování / tisk,čin.míst.spr.-kopírování,accrual_cost
9d350fc4944a,2024,8,11836931,Odpady (svoz),svoz odpadů,accrual_cost
a211adda71a1,2024,10,560000,Voda/kanalizace (provoz),"voda, kanalizace-odborný dozor",accrual_cost
c40fe8e999e5,2024,10,710000,Voda/kanalizace (provoz),"voda, kanalizace-odborný dozor",accrual_cost
0ada8f19b3d5,2024,11,-3816800,Ostatní,navýšení hodnoty obecní nemovitosti a oprava analytiky,accrual_cost
224eec66f10b,2024,12,544500,Odpady (svoz),uložení odpadu,accrual_cost
fe21e40fcd44,2024,1,181500,Ostatní,čin.míst. spr.-časová razítka,accrual_cost
cf2babf3c75b,2024,1,1160000,Voda/kanalizace (provoz),"voda, kanalizace-tech dozor",accrual_cost
66495c5b8686,2024,4,11164171,Odpady (svoz),svoz odpadů,accrual_cost
8fcdeb57a700,2024,4,499428,Odpady (svoz),svoz nebezpečného odpadu,accrual_cost
792785f2efd8,2024,4,112900,Kopírování / tisk,čin.míst.spr.-kopírování,accrual_cost
a4d50011e337,2024,9,11601465,Odpady (svoz),svoz odpadů,accrual_cost
0b1f846ec314,2024,9,83400,Kopírování / tisk,čin.míst.spr.-kopírování,accrual_cost
c52037fdc605,2024,9,348100,Ostatní,čin.míst.spr.-microsoft,accrual_cost
178605741400,2024,9,125800,Správa / odborné služby,čin.míst.spr.tech.pomoc,accrual_cost
bc3d5006a2f4,2024,9,274127,Telekomunikace / IT,"voda,správa,veřejná zeleň,starosta-vyúčtování telefonu",accrual_cost
2af7cce2de5d,2024,9,280099,Telekomunikace / IT,"správa,pošta-vyúčtování telefony a internet",accrual_cost
d5d04e8ce488,2024,10,251700,Správa / odborné služby,čin.míst.spr.-tech.pomoc,accrual_cost
1b57a8f1ee10,2024,10,272446,Telekomunikace / IT,"voda,zeleň,správa,starosta-vyúčtování telefony",accrual_cost
8f68c6a39312,2024,10,280099,Telekomunikace / IT,pošta-správa-vyúčtování telefony a internet,accrual_cost
1da891027e82,2024,10,41800,Ostatní,SDH-zdravotní prohlídka,accrual_cost
81bcbedff65b,2024,12,11164171,Odpady (svoz),svoz odpadů,accrual_cost
00e0507be897,2024,1,1936000,Odpady (svoz),domácí kompostování,accrual_cost
c59a30558522,2024,7,1033306,Voda/kanalizace (provoz),voda-kalkulační výměr,accrual_cost
3a1af0b8b8f8,2024,11,285708,Telekomunikace / IT,"voda,správa,starosta,zeleň-vyúčtování telefony",accrual_cost
ce0eb682aeef,2024,11,280099,Telekomunikace / IT,"pošta,správa-vyúčtování telefony, internet",accrual_cost
250995a9101b,2024,11,1006700,Ostatní,čin.míst.spr.-technická pomoc,accrual_cost
ca1bf81c89f8,2024,11,16500,Telekomunikace / IT,pohřebnictví-vyúčtování telefonu,accrual_cost
a0923cabe74a,2024,11,75680,Ostatní,čin.míst.spr.-certifikáty,accrual_cost
cc61056b0421,2024,11,242000,Veřejná zeleň,veřejná zeleň-nájem BS,accrual_cost
ceee0346624c,2024,12,290400,Odpady (svoz),odovz odpadu,accrual_cost
e31c7fd75b3e,2024,12,660000,Voda/kanalizace (provoz),"voda, kanalizace-odborný zástupce",accrual_cost
a5022d3be4a6,2024,2,36300,Ostatní,čin.míst.spr.-profil veřejných zakázek,accrual_cost
4e7333a41982,2024,5,273007,Telekomunikace / IT,"voda,správa,zeleň,starosta-vyúčtování telefony",accrual_cost
6f3ac0ddf90e,2024,5,280100,Telekomunikace / IT,"pošta,správa-vyúčtování telefon a internet",accrual_cost
78212e88be3e,2024,5,960000,Voda/kanalizace (provoz),"voda, kanalizace-odborný dozor",accrual_cost
a7703d1175c0,2024,5,546400,Kopírování / tisk,čin.míst.spr.-kopírování,accrual_cost
11d2c4e377e5,2024,5,17600,Telekomunikace / IT,pohřebnictví-vyúčtování telefon,accrual_cost
684534ddd962,2024,6,730000,Voda/kanalizace (provoz),kanalizace-deratizace,accrual_cost
eb5a5323cd50,2024,6,280099,Telekomunikace / IT,"správa,pošta-vyúčtování internet",accrual_cost
fe59bc7bec88,2024,6,11164171,Odpady (svoz),svoz odpadů,accrual_cost
66902d351d3a,2024,6,272446,Telekomunikace / IT,"voda,správa,veř.zeleň,starosta-yúčtování telefonu",accrual_cost
02c4da78b84e,2024,8,271886,Telekomunikace / IT,"voda,starosta, veř.zeleň, správa-telefonní poplatky",accrual_cost
d10fe67f7163,2024,8,280099,Telekomunikace / IT,"pošta, správa-vyúčtování internet a telefonní poplatky",accrual_cost
3521637ad4ae,2024,8,16500,Telekomunikace / IT,pohřebnictví-vyúčtování telefonní poplatky,accrual_cost
38130caedb70,2024,12,5445000,Právní služby,čin.míst.spr.-právní služby,accrual_cost
7bf583d8b12a,2024,2,296000,Zámek (budova),"zámek,správa,obecní dům-nákup nových hasících přístrojů a revize hasících přístrojů",accrual_cost
f523a1dfc912,2024,5,19900,Veřejná zeleň,"čin.míst.spr.-mytí vozu, veř.zeleň-materiál",accrual_cost
5136048ce6ee,2024,6,760000,Voda/kanalizace (provoz),"voda, kanalizace-odborný zástupce",accrual_cost
c7e9fa85cbef,2024,7,271886,Telekomunikace / IT,"voda,správa,veř.zeleň,starosta-vyúčtování telefony",accrual_cost
04507d2532f6,2024,7,280099,Telekomunikace / IT,"pošta,správa-vyúčtování internet a telefony",accrual_cost
71fa98816e0b,2024,11,11164171,Odpady (svoz),svoz odpadů,accrual_cost
51cfb1a0e8c0,2024,12,398920,Telekomunikace / IT,"čin.míst.spr.,pošta-vyúčtování telefony a internet",accrual_cost
9ec183a50452,2024,12,271886,Telekomunikace / IT,"čin.míst.spr.,voda,starosta,veř.zeleň-vyúčtování telefony",accrual_cost
643a67e97d7f,2024,2,17500,Telekomunikace / IT,pohřebnictví-vyúčtování telefonu,accrual_cost
861ca4f5013f,2024,2,232300,Správa / odborné služby,čin.míst.spr.-tech.pomoc,accrual_cost
0a30711073cc,2024,3,273007,Telekomunikace / IT,"voda,zeleň,správa,starosta-vyúčtování telefony",accrual_cost
db8de5817dc3,2024,3,286926,Telekomunikace / IT,"pošta,správa-vyúčtování telefon a internet",accrual_cost
17781e0f6658,2024,3,910000,Voda/kanalizace (provoz),"voda, kanalizace-odborný zástup",accrual_cost
93732722d8af,2024,3,11601465,Odpady (svoz),svoz odpadů,accrual_cost
3feec9ec9ace,2024,3,184900,Kopírování / tisk,čin.míst.spr.-kopírování,accrual_cost
809e2b0d7ffb,2024,4,282963,Telekomunikace / IT,"pošta, čin.míst.spr.-vyúčtování telefony",accrual_cost
d5a70b2b70ad,2024,4,275196,Telekomunikace / IT,"voda,správa,zeleň,starosta-vyúčtování telefony",accrual_cost
f8592eaf001e,2024,9,1400000,Zámek (budova),zámek-průzkum fasády,accrual_cost
1ae152dabe29,2024,10,27000,Ostatní,rozhlasový poplatek,accrual_cost
25a6f8b0e7b0,2024,2,286926,Telekomunikace / IT,"pošta,správa-vyúčtování telefony a internet",accrual_cost
6c99680706ae,2024,2,271886,Telekomunikace / IT,"voda,správa,zeleň,starosta-vyúčtování telefony",accrual_cost
277cfd7e8df8,2024,2,145200,Zámek (budova),zámek-dovoz štěrku,accrual_cost
d645dafb6192,2024,2,1113200,Ostatní,čin.míst.spr.-vánoční přání,accrual_cost
192e7c56507b,2024,2,697900,Kopírování / tisk,čin.míst.spr.-kopírování,accrual_cost
cb2461371431,2024,4,27000,Ostatní,rozhlasový poplatek,accrual_cost
5f31b24db91c,2024,4,3300,Poštovné,čin.míst.spr.-poštovné,accrual_cost
919030aace42,2024,10,4473370,Odpady (svoz),svoz bioodpadu,accrual_cost
2b7dd700c0ae,2024,10,210000,Správa / odborné služby,čin.míst.spr.-školení,accrual_cost
bb511c549c27,2024,11,526400,Telekomunikace / IT,čin.místs.rp.-hosting v datovém centru,accrual_cost
85e81205cf6d,2024,11,5227200,Právní služby,čin.míst.spr.-právní služby,accrual_cost
bb3a2f22889b,2024,11,406033,Voda/kanalizace (provoz),voda-laboratorní rozbor,accrual_cost
d64bb37e8afa,2024,1,210000,Správa / odborné služby,čin.míst.spr.-školení,accrual_cost
0532c0944780,2024,2,810000,Voda/kanalizace (provoz),"voda, kanalizace-technický dozor",accrual_cost
69d879a0f489,2024,9,172788,Ostatní,čin.míst.spr.-hosting,accrual_cost
a148aeee1a95,2024,10,43800,Poštovné,pošta-lednička,accrual_cost
07797049a962,2024,12,430000,Ostatní,"klub seniorů-občerstvení, dárky, vstupenky",accrual_cost
dcf784d63d70,2024,1,27000,Ostatní,rozhlasový poplatek,accrual_cost
65c3842884a0,2024,3,305900,Správa / odborné služby,čin.míst.spr.-tech.pomoc,accrual_cost
638498dcbf1f,2024,5,11836931,Odpady (svoz),svoz odpadů,accrual_cost
e6c0fd3a4cc9,2024,5,102245,Ostatní,čin.míst.spr.-prodloužení domény,accrual_cost
1c6bfd33d4e7,2024,6,-346000,Opravy/storna dokladů,Oprava dokladu,accrual_cost
51f94824bc02,2024,6,9500,Poštovné,volby do EP - poštovné,accrual_cost
94d8b1caa37c,2024,7,27000,Ostatní,rozhlasový poplatek,accrual_cost
ea41655d98bb,2024,7,810000,Voda/kanalizace (provoz),"voda,kanalizace-odborný dozor",accrual_cost
99aa80db70b8,2024,10,5227200,Právní služby,čin.míst.spr.-právní služby,accrual_cost
b9a2a93b42a4,2024,12,118800,Telekomunikace / IT,starosta-licence zoner,accrual_cost
69db4a8b6679,2024,12,362000,Ostatní,čin. míst.spr.-tokeny,accrual_cost
b5b46dca0383,2024,1,640000,Právní služby,čin.míst.spr.-veřejnoprávní služby,accrual_cost
69a9141faaf7,2024,4,158932,Voda/kanalizace (provoz),voda-kalkulační výkaz,accrual_cost
d91f0c5cf495,2024,4,760000,Voda/kanalizace (provoz),"voda,kanalizace-odborný dozor",accrual_cost
0c52f364a8ae,2024,4,532400,Zámek (budova),zámek-dovoz štěrku,accrual_cost
eb5919e8374c,2024,4,119680,Ostatní,čin.míst.spr-certifikáty,accrual_cost
77e92a5c7224,2024,6,2500000,Správa / odborné služby,čin.míst.spr.-služby BOZP,accrual_cost
6e95a35e000a,2024,6,501400,Správa / odborné služby,čin.míst.spr-tech.pomoc,accrual_cost
0c919369132b,2024,6,5009400,Právní služby,čin.míst.spr.-právní služby,accrual_cost
291aff856ce3,2024,9,210000,Veřejná zeleň,veř.zeleň-čin.míst.spr.-zdravotní prohlídky a výpisy ze zdravotní dokumentace,accrual_cost
b344106fb2d3,2024,6,23400,Poštovné,čin.míst.spr.-poštovné,accrual_cost
ee85b259b4f2,2024,7,399058,Odpady (svoz),svoz odpadů,accrual_cost
11fa08b64241,2024,9,251700,Ostatní,čin.míst.spr.-tech pomoc,accrual_cost
1aa4bdeca232,2024,9,871200,Ostatní,čin.míst.spr.-roční popl.za mapový portál,accrual_cost
598afa52ffa7,2024,11,810000,Voda/kanalizace (provoz),"voda, kanalizace-odborný dozor",accrual_cost
85365a4eab4a,2024,3,1391694,Odpady (svoz),svoz odpadů,accrual_cost
a5d0f330bd99,2024,5,3000000,Ostatní,silnice-ul. Kelendrov - zaměření,accrual_cost
dd57189748f5,2024,5,5009400,Právní služby,čin.míst.spr.-právní služby,accrual_cost
4f8134832b2d,2024,9,5009400,Právní služby,čin.míst.spr.-právní služby,accrual_cost
b0e5fa6627a4,2024,9,455200,Odpady (svoz),svoz odpadů,accrual_cost
a391eb76afa9,2024,2,11100,Poštovné,čin.míst.spr.-poštovné,accrual_cost
c84530e50caf,2024,2,11836931,Odpady (svoz),svoz odpadů,accrual_cost
c1fb4ad94a89,2024,3,20000,Ostatní,čin.míst.spr.-mytí auta a materiál,accrual_cost
a076fdb4e244,2024,5,2420000,Ostatní,čin.místs.spr.-KEO-udržovací poplatek,accrual_cost
2c2ff44e41c3,2024,11,104200,Ostatní,čin.míst.spr.-kontrola fordu,accrual_cost
6c69c3071c28,2024,2,158926,Voda/kanalizace (provoz),voda-kalkulační výměr,accrual_cost
e34302e2888a,2024,3,338800,Zámek (budova),zámek-dovoz štěrku a odvoz suti,accrual_cost
e57d0df4106d,2024,4,9000,Ostatní,čin.míst.spr.-výroba klíčů,accrual_cost
2d0b96085065,2024,5,-59000,Správa / odborné služby,čin.míst.spr.-vratka části školení evidence obyvatel,accrual_cost
4c4edc97ab6e,2024,5,1691100,Správa / odborné služby,čin.míst.spr.-tech.pomoc,accrual_cost
5f78d2c4fcff,2024,12,157300,Veřejná zeleň,veř.zeleň-dovoz štěrku,accrual_cost
ffd8165e1c9f,2024,5,418539,Odpady (svoz),svoz odpadů,accrual_cost
0a9920172b4f,2024,8,1010000,Voda/kanalizace (provoz),"voda, kanalizace-odborný dozor",accrual_cost
a106878cfa37,2024,10,52000,Ostatní,SDH-kurz pro hasiče,accrual_cost
1c75ac133d85,2024,11,350000,Ostatní,čin.míst.spr.-stránky Obec účtuje,accrual_cost
203ba06a2eba,2024,12,95100,Voda/kanalizace (provoz),"čin.míst.spr., voda-poštovné",accrual_cost
88f4a628375a,2024,1,15600,Voda/kanalizace (provoz),voda-poštovné,accrual_cost
5fe54321a148,2024,4,4791600,Právní služby,čin.míst.spr.-právní služby,accrual_cost
00def9cd7668,2024,4,75680,Ostatní,čin.míst.spr.-certifikáty Tupá,accrual_cost
b915514183bc,2024,7,302500,Ostatní,čin.míst.spr.-aktualizace programu,accrual_cost
75495d97bff7,2024,7,764841,Odpady (svoz),svoz odpadů,accrual_cost
5bf0e8268d72,2024,1,435600,Ostatní,čin.míst.spr.-prostor na webu,accrual_cost
63923ea190da,2024,1,210000,Správa / odborné služby,čin.míst.spr.-školení mzdy,accrual_cost
944bbc732f24,2024,9,495253,Odpady (svoz),nebezpečný odpad,accrual_cost
0ec9aca588db,2024,10,2120000,Poštovné,pošta Partner-polepy na skla,accrual_cost
eae4c9c77d46,2024,11,1098600,Opravy/storna dokladů,Oprava dokladu,accrual_cost
a31899e0efce,2024,11,401962,Odpady (svoz),svoz odpadů,accrual_cost
e494df3dc48d,2024,1,579590,Ostatní,čin.míst.spr.-inzerát,accrual_cost
0326ab8dc48b,2024,11,181500,Ostatní,chodníky - dovoz písku,accrual_cost
4fb85374b792,2024,2,25000,Ostatní,školka-splátka úvěru a úroky,accrual_cost
d4a01a729c79,2024,2,4573800,Právní služby,čin.míst.spr.-právní služby,accrual_cost
ead86c4f5315,2024,3,25000,Ostatní,školka-splátka úvěru,accrual_cost
5f4e3b9768de,2024,6,284592,Odpady (svoz),svoz odpadů,accrual_cost
a5ef93f3e81a,2024,8,3220000,Zámek (budova),zámek-návrh řešení fasády na budově zámku,accrual_cost
3253cad3ea9f,2024,10,850700,Ostatní,čin.míst.spr.-daňový poradce,accrual_cost
8ed1a5a1eb8d,2024,10,1002243,Odpady (svoz),svoz odpadů,accrual_cost
87e03346abc0,2024,11,587400,Ostatní,vodovodní přípojka,accrual_cost
0a0b7827de83,2024,12,966911,Odpady (svoz),svoz odpadů,accrual_cost
e6f310ab397e,2024,12,6062705,Odpady (svoz),svoz bioodpadu,accrual_cost
6c4f768e3796,2024,12,186500,Voda/kanalizace (provoz),kanalizace-navrtávka,accrual_cost
f4b8b37fd70f,2024,3,1815000,Právní služby,čin.míst.spr.-právní služby,accrual_cost
5c803a07b593,2024,11,706000,Zámek (budova),zámek – prohlídka plynových kotlů,accrual_cost
ec03ab92f814,2024,12,1871000,Veřejná zeleň,veř.zeleň-oprava sekaček Stiga a Vari,accrual_cost
897b7cca8291,2024,1,25000,Ostatní,školka-splátka úvěru a úroky,accrual_cost
a7ec3d9e05f3,2024,2,386196,Ostatní,poplatek OSA,accrual_cost
1292d2284ac6,2024,4,259000,Správa / odborné služby,čin.míst.spr.-školení evidence obyvatel,accrual_cost
5043c93b1bf6,2024,5,12900,Poštovné,SDH-poštovné,accrual_cost
bdf786725dc3,2024,7,820000,Ostatní,čin.míst.spr.-daňový poradce,accrual_cost
d8bf448f3499,2024,1,646000,Ostatní,čin.míst.spr.-daňový poradce,accrual_cost
e1e5de83f68f,2024,2,533610,Odpady (svoz),svoz odpadů,accrual_cost
0b78f18edde8,2024,4,703000,Ostatní,čin.míst.spr.- daňový poradce,accrual_cost
5a3c47a0b897,2024,5,182000,Správa / odborné služby,čin.míst.spr.-školení,accrual_cost
bd3766775ba2,2024,5,132000,Telekomunikace / IT,čin.míst.spr.-datový trezor,accrual_cost
487cfeb9f8c2,2024,7,250000,Správa / odborné služby,dětské hřiště-revize herních prvků,accrual_cost
fc874bd0180f,2024,8,690000,Voda/kanalizace (provoz),voda- revize hydrantů,accrual_cost
0ca95e8745bf,2024,8,3630000,Veřejná zeleň,veř. zeleň- PD na dosadbu valu,accrual_cost
73d88f2f3564,2024,12,783307,Voda/kanalizace (provoz),voda-kalkulační výměr,accrual_cost
b26b60e245c8,2024,1,529980,Ostatní,čin.místs.spr.- evidence pozemků,accrual_cost
c0c47c05b766,2024,1,517275,Ostatní,obecní knihovna-udržovací poplatek,accrual_cost
c37478046fea,2024,1,270300,Poštovné,čin.míst.spr.-poštovné,accrual_cost
29505f9277d9,2024,2,107000,Bankovní poplatky,bankovní poplatky,accrual_cost
7da7631e7d9d,2024,7,30000,Ostatní,SDH-zdravotní prohlídka,accrual_cost
2953467a9c61,2024,9,296400,Ostatní,čin.míst.spr.-registr nemovitostí,accrual_cost
4e06a2be0e9a,2024,5,104500,Bankovní poplatky,bankovní poplatky,accrual_cost
491f6f35f757,2024,9,73200,Poštovné,čin.míst.spr. a Volby do Krajských zastupitelstev-poštovné,accrual_cost
60ab2b4f3022,2024,10,1090815,Odpady (svoz),svoz odpadů,accrual_cost
f339de3127f4,2024,2,43600,Poštovné,čin.míst.spr.-poštovné,accrual_cost
6434fae85418,2024,3,3615480,Ostatní,čin.míst.spr.-udržovací poplatek,accrual_cost
7d518d246e7e,2024,4,446127,Odpady (svoz),svoz odpadů,accrual_cost
c78dc320775c,2024,4,61200,Veřejná zeleň,veř.zeleň-dovoz písku,accrual_cost
ecdf6582af2e,2024,7,5662800,Právní služby,čin.míst.spr.-právní služby,accrual_cost
cf8fa38e5481,2024,10,72800,Bankovní poplatky,bankovní poplatky,accrual_cost
9444f7b1f798,2024,1,109000,Bankovní poplatky,bankovní poplatky,accrual_cost
b6bfa09ac797,2024,3,187550,Ostatní,pohřebnictví-zpaůjčení vertikutátoru,accrual_cost
f980c77b3539,2024,3,46200,Poštovné,čin.míst.spr.-poštovné,accrual_cost
96c7d10b3c01,2024,3,8900,Ostatní,čin.míst.spr.-průkaz zmocněnce,accrual_cost
cdd27a21ec0f,2024,3,400000,Voda/kanalizace (provoz),voda-poosouzení sond,accrual_cost
abd2629ba04a,2024,4,53000,Bankovní poplatky,bankovní poplatky,accrual_cost
19148367dbff,2024,4,112500,Bankovní poplatky,bankovní poplatky,accrual_cost
6fd551d9d64e,2024,6,548000,Ostatní,hasiči-gazelle-příprava na STK včetně STK,accrual_cost
346ad37fff95,2024,6,638000,Ostatní,hasiči-Tatra-příprava na STK včetně STK,accrual_cost
bca3a2a13325,2024,6,1219000,Ostatní,činnost místní správy – Ford Tranzit – příprava na STK,accrual_cost
3918e55aecc6,2024,7,70600,Bankovní poplatky,bankovní poplatky,accrual_cost
1c576c84085f,2024,8,5445000,Právní služby,čin.míst.spr.-právní služby,accrual_cost
5ba81d937f3f,2024,9,677600,ČOV / odpadní vody,"veř.zeleň-údržba zeleně, mulčování",accrual_cost
e7ee31b51c82,2024,2,12100,Ostatní,čin.míst.spr.-formátování,accrual_cost
a3daab77fafc,2024,3,25000,Bankovní poplatky,bankovní poplatky,accrual_cost
0359026f1e4a,2024,6,25000,Bankovní poplatky,bankovní poplatky,accrual_cost
dfff1697bbc9,2024,6,131800,Kopírování / tisk,čin.míst.spr.-kopírování,accrual_cost
c863c936ada6,2024,9,64000,Bankovní poplatky,bankovní poplatky,accrual_cost
ae7a1a9eb0da,2024,11,58400,Poštovné,čin.míst.spr.-poštovné,accrual_cost
868d35b69bad,2024,12,74800,Bankovní poplatky,bankovní poplatky,accrual_cost
e4c3ed8c0b7f,2024,2,5009400,Právní služby,čin.míst.-právní služby,accrual_cost
3d71e1281204,2024,2,80300,Bankovní poplatky,bankovní poplatky,accrual_cost
4f6e2db825c1,2024,2,25000,Bankovní poplatky,bankovní poplatky,accrual_cost
6ea236908782,2024,2,80,Bankovní poplatky,bankovní poplatky,accrual_cost
6ea236908782,2024,2,1000,Bankovní poplatky,bankovní poplatky,accrual_cost
feee1b373837,2024,2,9900,Bankovní poplatky,bankovní poplatky,accrual_cost
90c302f1c067,2024,4,181500,Veřejná zeleň,veř.zeleň -dovoz písku,accrual_cost
4a66f3561da5,2024,5,217400,Ostatní,SDH-povinné ručení,accrual_cost
4a66f3561da5,2024,5,119400,Veřejná zeleň,veř.zeleň-povinné ručení ZETOR,accrual_cost
f1025451cbcb,2024,6,95500,Bankovní poplatky,bankovní poplatky,accrual_cost
59bc9504c264,2024,7,1280000,Právní služby,veřejnoprávní služby,accrual_cost
b7d5456ee20e,2024,8,146600,Poštovné,čin.míst.spr.-poštovné,accrual_cost
e8fabb1482b4,2024,8,335000,Veřejná zeleň,"veř.zeleň,čin.míst.spr. a pošta-zdravotní pohlídky včetně výpisů ze zdravotní dokumentace",accrual_cost
808d54c943be,2024,8,169400,Ostatní,čin-míst.spr.-KEO-upgrade,accrual_cost
f77e86043b3d,2024,10,57000,Poštovné,čin.míst.spr.-poštovné,accrual_cost
7755186123e4,2024,11,19000,Ostatní,oprava vodoměru,accrual_cost
13598bb3c547,2024,11,25000,Bankovní poplatky,bankovní poplatky,accrual_cost
edc9fee00f89,2024,11,80,Bankovní poplatky,bankovní poplatky,accrual_cost
edc9fee00f89,2024,11,1000,Bankovní poplatky,bankovní poplatky,accrual_cost
8cd45be0189e,2024,11,170500,Kopírování / tisk,čin.míst.spr.-kopírování,accrual_cost
7961606df7c4,2024,1,130800,Bankovní poplatky,bankovní poplatky,accrual_cost
6a4852605ad5,2024,3,98000,Bankovní poplatky,bankovní poplatky,accrual_cost
d9bfec6d3712,2024,4,3114000,Zámek (budova),zámek-pasport pohledů,accrual_cost
ec1fbec7f83e,2024,4,494164,Odpady (svoz),svoz odpadů,accrual_cost
b01631d196bf,2024,4,9900,Bankovní poplatky,bankovní poplatky,accrual_cost
df51b95da660,2024,4,80,Bankovní poplatky,bankovní poplatky,accrual_cost
df51b95da660,2024,4,1000,Bankovní poplatky,bankovní poplatky,accrual_cost
2ff5f5aad935,2024,4,25000,Bankovní poplatky,bankovní poplatky,accrual_cost
50df29d136ae,2024,6,160,Bankovní poplatky,bankovní poplatky,accrual_cost
50df29d136ae,2024,6,1000,Bankovní poplatky,bankovní poplatky,accrual_cost
a48873fa2010,2024,6,9900,Bankovní poplatky,bankovní poplatky,accrual_cost
2a5ad5cba6c9,2024,6,15900,Bankovní poplatky,bankovní poplatky,accrual_cost
b6a3f26a9ad7,2024,8,25000,Bankovní poplatky,bankovní poplatky,accrual_cost
5fc6cd7cd5ee,2024,8,160,Bankovní poplatky,bankovní poplatky,accrual_cost
5fc6cd7cd5ee,2024,8,1000,Bankovní poplatky,bankovní poplatky,accrual_cost
c5c1df6fa951,2024,8,75680,Ostatní,čin.míst.spr.-kvalifikovaný podpis,accrual_cost
29f2289f5b46,2024,8,20000,Ostatní,čin.míst.spr.-parkovné,accrual_cost
6aa0db78e752,2024,9,25000,Bankovní poplatky,bankovní poplatky,accrual_cost
7162f0dc1374,2024,9,80,Bankovní poplatky,bankovní poplatky,accrual_cost
7162f0dc1374,2024,9,1000,Bankovní poplatky,bankovní poplatky,accrual_cost
eb23fde5cb8a,2024,9,25500,Bankovní poplatky,bankovní poplatky,accrual_cost
2fe70cdd246e,2024,9,9900,Bankovní poplatky,bankovní poplatky,accrual_cost
f4baadd611f8,2024,11,74800,Bankovní poplatky,bankovní poplatky,accrual_cost
2c84ed10f2e7,2024,11,13800,Bankovní poplatky,bankovní poplatky,accrual_cost
abe9ee236a0f,2024,11,9900,Bankovní poplatky,bankovní poplatky,accrual_cost
656a4724671f,2024,1,80,Bankovní poplatky,bankovní poplatky,accrual_cost
656a4724671f,2024,1,1000,Bankovní poplatky,bankovní poplatky,accrual_cost
5732c8b82157,2024,1,25000,Bankovní poplatky,bankovní poplatky,accrual_cost
60e37af8cdf6,2024,1,9900,Bankovní poplatky,bankovní poplatky,accrual_cost
42d59802dff6,2024,3,80,Bankovní poplatky,bankovní poplatky,accrual_cost
42d59802dff6,2024,3,1000,Bankovní poplatky,bankovní poplatky,accrual_cost
d053d8aa50b0,2024,3,285439,Odpady (svoz),svoz odpadů,accrual_cost
3bfea01cb63b,2024,3,9900,Bankovní poplatky,bankovní poplatky,accrual_cost
8a40317f04ab,2024,3,25700,Bankovní poplatky,bankovní poplatky,accrual_cost
5fb3a11abac4,2024,5,26400,Poštovné,volby do Evropského parlamentu-poštovné,accrual_cost
f5893034eb3e,2024,5,390000,Zámek (budova),zámek-revize komínů,accrual_cost
53795f60dfc0,2024,5,25000,Bankovní poplatky,bankovní poplatky,accrual_cost
2a37ad98497e,2024,5,160,Bankovní poplatky,bankovní poplatky,accrual_cost
2a37ad98497e,2024,5,1000,Bankovní poplatky,bankovní poplatky,accrual_cost
53efb74e8dc9,2024,5,13800,Bankovní poplatky,bankovní poplatky,accrual_cost
a05e5d17a39b,2024,5,9900,Bankovní poplatky,bankovní poplatky,accrual_cost
d261a1047cb4,2024,7,48800,Bankovní poplatky,bankovní poplatky,accrual_cost
3d1cf15448dc,2024,7,80,Bankovní poplatky,bankovní poplatky,accrual_cost
3d1cf15448dc,2024,7,1000,Bankovní poplatky,bankovní poplatky,accrual_cost
09a406a73cb6,2024,7,25000,Bankovní poplatky,bankovní poplatky,accrual_cost
62ac8b56655d,2024,7,9900,Bankovní poplatky,bankovní poplatky,accrual_cost
d6af06c0a771,2024,8,57200,Bankovní poplatky,bankovní poplatky,accrual_cost
95eba996f1a2,2024,8,9900,Bankovní poplatky,bankovní poplatky,accrual_cost
131c06643b79,2024,10,25000,Bankovní poplatky,bankovní poplatky,accrual_cost
ee972b442735,2024,10,80,Bankovní poplatky,bankovní poplatky,accrual_cost
ee972b442735,2024,10,1000,Bankovní poplatky,bankovní poplatky,accrual_cost
b6f4e3369047,2024,10,58600,Bankovní poplatky,bankovní poplatky,accrual_cost
6ff7816200f7,2024,10,9900,Bankovní poplatky,bankovní poplatky,accrual_cost
a9b57399dcce,2024,10,446490,Správa / odborné služby,pohřebnictví-školení,accrual_cost
1404ce1b3822,2024,10,346000,Opravy/storna dokladů,Oprava dokladu,accrual_cost
4fd3fef9ff2e,2024,12,25000,Bankovní poplatky,bankovní poplatky,accrual_cost
feb0ae3c71b5,2024,12,80,Bankovní poplatky,bankovní poplatky,accrual_cost
feb0ae3c71b5,2024,12,1000,Bankovní poplatky,bankovní poplatky,accrual_cost
26f220c5f646,2024,12,11700,Bankovní poplatky,bankovní poplatky,accrual_cost
3e007d74b2cb,2024,12,9900,Bankovní poplatky,bankovní poplatky,accrual_cost
7ebea6dec156,2024,12,280099,Telekomunikace / IT,"pošta, správa-vyúčtování telefony",accrual_cost
f3803018166a,2024,12,185000,Kopírování / tisk,čin.míst.spr.-kopírování,accrual_cost
21339a0c6bf8,2024,12,11836931,Odpady (svoz),svoz odpadů,accrual_cost
aaf3997f5466,2024,12,15000,Telekomunikace / IT,dálkový přístup do ČÚZK,accrual_cost
f5c176038317,2025,1,644000,Ostatní,předpis nájmu pozemků-závazky,accrual_cost
857b338963a0,2025,2,65000,Telekomunikace / IT,obecní knihovna-internet,accrual_cost
7cc0c2543d2a,2025,4,561000,Správa / odborné služby,čin.míst.spr.-tech.pomoc,accrual_cost
7f250cbf7a36,2025,4,65000,Telekomunikace / IT,knihovna-internet,accrual_cost
9df11469d542,2025,4,145300,Kopírování / tisk,čin.míst.spr.-kopírování,accrual_cost
ab0fb0e6067d,2025,5,65000,Telekomunikace / IT,knihovna-internet,accrual_cost
87598b747d0f,2025,5,2507900,Voda/kanalizace (provoz),voda-výměna hydrantu,accrual_cost
7c3ddf07ae8b,2025,5,70000,Ostatní,předpis nájmu pozemků Chladilová,accrual_cost
035e617fced3,2025,6,530200,Odpady (svoz),svoz odpadů,accrual_cost
8613427e81a4,2025,6,65000,Telekomunikace / IT,knihovna-internet,accrual_cost
64fee6a8682f,2025,7,266200,Ostatní,čin.míst.spr.-časová razítka,accrual_cost
16b32be99d95,2025,7,65000,Telekomunikace / IT,knihovna - internet,accrual_cost
426c1fe7faad,2025,7,1441231,Odpady (svoz),svoz odpadů,accrual_cost
222673eae276,2025,8,65000,Telekomunikace / IT,knihovna-internet,accrual_cost
3c6bbb5696fc,2025,9,65000,Telekomunikace / IT,knihovna-internet,accrual_cost
7e0d0044bc29,2025,10,12700,Telekomunikace / IT,pohřebnictví-vyúčtování telefon,accrual_cost
1723756786c0,2025,10,65000,Telekomunikace / IT,knihovna-internet,accrual_cost
d167e6d878dc,2025,2,606694,Odpady (svoz),odvoz odpadů,accrual_cost
12db850ef136,2025,5,861520,Odpady (svoz),svoz odpadů,accrual_cost
8c08c04536d0,2025,5,2176600,Zámek (budova),voda a zámek-bagrování,accrual_cost
d29b4368f567,2025,6,855000,Voda/kanalizace (provoz),kanalizace-deratizace,accrual_cost
7f2229f550ea,2025,7,12778480,Odpady (svoz),svoz odpadů,accrual_cost
3ea8c8c347bc,2025,7,1329200,Ostatní,čin.míst.spr-3 x licence MS Business,accrual_cost
488ff750b42f,2025,7,4197490,Odpady (svoz),odvoz bioodpadu,accrual_cost
25bb449f9642,2025,9,323018,Telekomunikace / IT,"voda,zeleň,správa,starosta-vyúčtování telefony",accrual_cost
8aad13054c02,2025,9,135500,Kopírování / tisk,čin.míst.spr.-kopírování,accrual_cost
bbf7c0012048,2025,9,871200,Správa / odborné služby,map.informační systém-servisní služby,accrual_cost
0bfdd0ab3063,2025,9,5445000,Právní služby,čin.míst.spr.-právní služby,accrual_cost
5e51853346f9,2025,9,2722500,GDPR / pověřenec,čin.míst.spr-právní služby GDPR,accrual_cost
004f8c6a3c9f,2025,10,8900,Ostatní,čin.míst.spr.-průkaz zmocněnce,accrual_cost
fdc3155ad82e,2025,12,259800,Kopírování / tisk,čin.míst.spr.-kopírování,accrual_cost
495c0d10a799,2025,12,12072082,Odpady (svoz),svoz odpadů,accrual_cost
59679b9159dd,2025,1,2377000,Zámek (budova),"pojištění-zámek, ZŠ, MŠ, kaple, obecní dům, kancelář OÚ, odpovědnost",accrual_cost
85edeb43fc60,2025,3,250100,Kopírování / tisk,čin.míst.spr.-kopírování,accrual_cost
e15c54def4f0,2025,3,65000,Telekomunikace / IT,knihovna-internet,accrual_cost
e549aee7e6ff,2025,3,395368,Ostatní,rozhlas-poplatek OSA,accrual_cost
cd1fdf5dd66d,2025,7,610000,Voda/kanalizace (provoz),"voda, kanalizace-odborný zástup",accrual_cost
d005e2e7706b,2025,9,12072082,Odpady (svoz),svoz odpadů,accrual_cost
87d4a7d7b149,2025,10,12778480,Odpady (svoz),svoz odpadů,accrual_cost
0d6e5305fe84,2025,11,2000000,Voda/kanalizace (provoz),"voda,kanalizace-odborný dozor",accrual_cost
a74c30a15043,2025,11,62100,Kopírování / tisk,čin.míst.spr.-kopírování,accrual_cost
4a38d3f33afa,2025,12,2722500,GDPR / pověřenec,čin.míst.spr.-právní služby GDPR,accrual_cost
fe9db2d2608c,2025,1,12100,Telekomunikace / IT,pohřebnictví-vyúčtování telefon,accrual_cost
0615b3ec49d3,2025,2,297300,Kopírování / tisk,čin.míst.spr.-kopírování,accrual_cost
074817ebd5c8,2025,2,471900,Veřejná zeleň,veřejná zeleň-dovoz štěrku,accrual_cost
7f7e6636827b,2025,3,2722500,GDPR / pověřenec,čin.míst.spr.-právní služby,accrual_cost
7657af5f66fb,2025,4,12778480,Odpady (svoz),svoz odpadů,accrual_cost
dda70dadbb5b,2025,7,726000,Ostatní,čin.míst.spr.-editot dat DTI,accrual_cost
b7e36aa01f87,2025,8,1443258,Správa / odborné služby,čin.míst.spr.-technická pomoc a myši a zálohovací software,accrual_cost
05184eb8d741,2025,9,5227200,Právní služby,čin.míst.spr.-právní služby,accrual_cost
29911f81051a,2025,10,103094,Ostatní,"čin,míst.spr.-rozesílání zpráv",accrual_cost
bfde7f15fb46,2025,11,8900,Ostatní,čin.míst.spr.-průkaz příjemnce,accrual_cost
a2c1a52c04b8,2025,12,12700,Telekomunikace / IT,pohřebnictví-vyúčtování telefon,accrual_cost
b9c1ca63c3ed,2025,3,1010000,Voda/kanalizace (provoz),"voda, kanalizace-odborný dozor",accrual_cost
8676dfe70b2b,2025,3,12700,Telekomunikace / IT,pohřebnictví-vyúčtování telefonu,accrual_cost
415cd39ce46c,2025,3,1110000,Voda/kanalizace (provoz),"voda, kanalizace-odborný dozor",accrual_cost
a6cf8e0bd1b6,2025,5,39400,Veřejná zeleň,veř.zeleň-povinné ručení VARES,accrual_cost
12a585589e3b,2025,5,700000,Voda/kanalizace (provoz),"voda,kanalizace-poradenská činnost",accrual_cost
421e2f726786,2025,5,12600,Telekomunikace / IT,pohřebnictví-vyúčtování telefonu,accrual_cost
9f07b42e2a19,2025,5,280871,Ostatní,,accrual_cost
295aeb75e604,2025,5,280099,Telekomunikace / IT,"pošta,správa-vyúčtování telefony a internet",accrual_cost
42bc41e80818,2025,5,210995,Voda/kanalizace (provoz),voda-kalkulační výměr,accrual_cost
ed96c32ffea2,2025,5,1510000,Voda/kanalizace (provoz),"voda,kanalizace-odborný zástup",accrual_cost
e7c245d88598,2025,6,132000,Telekomunikace / IT,čin.míst.spr.-datový trezor,accrual_cost
ec548cfd9a92,2025,6,517275,Ostatní,knihovna-udržovací popl.trinitus,accrual_cost
d16dea18e8a9,2025,6,12072082,Odpady (svoz),svoz odpadů,accrual_cost
e7c245d88598,2025,6,-132000,Telekomunikace / IT,čin.míst.spr.-datový trezor,accrual_cost
2d4f809eeba9,2025,7,12700,Telekomunikace / IT,pohřebnictví-vyúčtování telefonu,accrual_cost
930d9f90fe53,2025,8,12531240,Odpady (svoz),svoz odpadů,accrual_cost
1f831d8cdf43,2025,9,610000,Voda/kanalizace (provoz),"voda, kanalizace-odborný zástup",accrual_cost
46e1741b6ad9,2025,10,24336,Telekomunikace / IT,pohřebnictví-vyúčtování telefon,accrual_cost
fa13a6c6280f,2025,11,12072082,Odpady (svoz),svoz odpadů,accrual_cost
adfb12f2af21,2025,12,392346,Telekomunikace / IT,"voda,správa,starosta,zeleň-vyúčtování telefonu",accrual_cost
6cb1eaab5448,2025,12,1573000,Veřejná zeleň,veř.zeleň-rizikové kácení,accrual_cost
b6e10e5c906a,2025,2,1210000,Ostatní,kontejner na textil,accrual_cost
b324693087a3,2025,3,12055828,Odpady (svoz),svoz odpadů,accrual_cost
1137f47e336b,2025,6,100000,Voda/kanalizace (provoz),"voda,kanalizace-doplatek k fa 240501",accrual_cost
13f15f33e5eb,2025,6,350100,Ostatní,čin.mís spr.-MS Apps,accrual_cost
2124cc70caa5,2025,5,101300,Kopírování / tisk,čin.místs.spr.-kopírování,accrual_cost
7f0cb80caf00,2025,5,11971712,Odpady (svoz),svoz odpadů,accrual_cost
42d03f747d4a,2025,5,732970,Ostatní,čin.míst.spr.-daňový poradce,accrual_cost
e3fd3ffefa77,2025,10,640000,Voda/kanalizace (provoz),"voda,kanalizace-odborný dozor",accrual_cost
27077db4c40a,2025,1,195000,Zámek (budova),"zámek, správa, obecní dům-revize hasících přístrojů",accrual_cost
2242fc692df9,2025,8,364200,Ostatní,čin.míst.spr.-licence MS M365 Business,accrual_cost
e03c72c5789e,2025,9,150000,Voda/kanalizace (provoz),kanalizace-deratizace,accrual_cost
f0631e6c9731,2025,9,2722500,GDPR / pověřenec,čin.míst.spr.-správce GDPR,accrual_cost
d3b23963c2da,2025,9,325777,Telekomunikace / IT,"voda,zeleň,správa,starosta-vyúčtování telefony",accrual_cost
2dc0ae2fe25e,2025,9,280099,Telekomunikace / IT,"správa, pošta-vyúčtování telefony a internet",accrual_cost
587fb1b6723c,2025,9,196020,Ostatní,čin.míst.spr.-webhosting,accrual_cost
dc915b25a205,2025,10,2722500,GDPR / pověřenec,čin.míst.spr.-GDPR,accrual_cost
07eb02aa9a56,2025,10,6098400,Právní služby,čin.míst.spr.-právní služby,accrual_cost
f6b9beeab168,2025,12,741000,Správa / odborné služby,čin.míst.spr.-tech.pomoc,accrual_cost
605e7d13b66b,2025,1,1060000,Voda/kanalizace (provoz),"voda,kanalizace-odborný zástup",accrual_cost
f46e0531c3ac,2025,4,27000,Ostatní,rozhlasový poplatek,accrual_cost
812262f512f6,2025,6,91100,Kopírování / tisk,čin.míst.spr.-kopírování,accrual_cost
8b40ab5d2cc0,2025,7,2682812,Správa / odborné služby,"čin.míst.spr., obecní knihovna-dokovací stanice, myši, monitor, servis, tech.pomoc",accrual_cost
e0822ca5a627,2025,9,330088,Odpady (svoz),odvoz odpadů,accrual_cost
7ba842456f90,2025,9,535300,Správa / odborné služby,volby do Parlamentu PČR-tech.pomoc,accrual_cost
f6c0978f4a62,2025,1,210000,Správa / odborné služby,čin.míst.spr.-školení,accrual_cost
f1f2b71ef30f,2025,2,3000,Poštovné,pošta-interiérové žaluzie,accrual_cost
95506c490f1f,2025,6,326336,Telekomunikace / IT,"voda,zeleň,správa, starosta-vyúčtování telefonů",accrual_cost
ca520689d971,2025,6,280099,Telekomunikace / IT,"správaa, pošta-vyúčtování telefony a internet",accrual_cost
2b7c6e8699f9,2025,7,820000,Ostatní,čin.míst.spr-daňový poradce,accrual_cost
4ce14933dc44,2025,7,280099,Telekomunikace / IT,"pošta,správa-vyúčtování telefonu a internetu",accrual_cost
4b5c4ecf3812,2025,7,325777,Telekomunikace / IT,"voda,správa,starosta,zeleň-vyúčtování telefonu",accrual_cost
f072449d531f,2025,7,6098400,Právní služby,čin.míst.spr.-právní služby,accrual_cost
a3bcc8a7c352,2025,7,30435893,ČOV / odpadní vody,odvedená voda do ČOV,accrual_cost
914574716bf3,2025,7,2722500,GDPR / pověřenec,čin.míst.spr.-právní služby,accrual_cost
d3d10f912fb4,2025,10,938000,Správa / odborné služby,"či.míst.spr., volby do PS PČR-tech.pomoc",accrual_cost
0b025be37dd7,2025,11,1122900,Telekomunikace / IT,čin.míst.spr.-datový hosting,accrual_cost
265edc4132e3,2025,11,210995,Voda/kanalizace (provoz),voda-laboratorní rozbor,accrual_cost
f83ed6c295f6,2025,11,76500,Zámek (budova),zámek-zasklení oken,accrual_cost
7a75a396d889,2025,12,197586,Telekomunikace / IT,"pošta,psoráva-vyúčtování telefonů a internet",accrual_cost
a4c453beb4ce,2025,4,560000,Voda/kanalizace (provoz),"voda,kanalizace-odborný zástup",accrual_cost
c6779514f604,2025,4,755161,Odpady (svoz),svoz odpadů,accrual_cost
32f05af0d5c3,2025,4,280099,Telekomunikace / IT,"pošta,správa-vyúčtování telefony a internet",accrual_cost
f5c19bcd4d1b,2025,4,272446,Telekomunikace / IT,"správa,voda,starosta,zeleň-vyúčtování telefony",accrual_cost
a925c46de702,2025,10,280099,Telekomunikace / IT,"pošta,správa-vyúčtování telefon a internet",accrual_cost
85bc98155aca,2025,10,6444460,Odpady (svoz),svoz bioodpadu,accrual_cost
650a50b98f5d,2025,11,25869800,Zámek (budova),zámek-pronájem lešení včetně montáže a demontáže,accrual_cost
2454a35c7ae8,2025,2,5662800,Právní služby,čin.míst.spr.-právní služby,accrual_cost
3c41bf767a01,2025,1,27000,Ostatní,rozhlasový poplatek,accrual_cost
dd7deff28fb1,2025,1,1355200,Ostatní,tisk kalendářů a PF 2025,accrual_cost
50a8422c5a3e,2025,1,529980,Ostatní,čin.míst.spr.-registr.nemovitostí,accrual_cost
3afcce9a80f6,2025,3,5009400,Právní služby,čin.míst.spr-právní služby,accrual_cost
5d70ddcde750,2025,5,75680,Ostatní,čin.míst.spr.-elektronický podpis,accrual_cost
7bc9efb9a1c1,2025,1,640000,Právní služby,veřejnoprávní služby,accrual_cost
e4775d787cee,2025,1,14520,Voda/kanalizace (provoz),údržba plynových přípojek,accrual_cost
529afcc1fa00,2025,2,12449968,Odpady (svoz),svoz odpadů,accrual_cost
2d95bb35fac1,2025,2,330209,Odpady (svoz),svoz odpadů,accrual_cost
b1b3fc30e86e,2025,2,314600,Správa / odborné služby,čin.míst.spr.-tech.pomoc,accrual_cost
2fc2edb54935,2025,5,470811,Odpady (svoz),svoz odpadů,accrual_cost
91c4cae86f8b,2025,7,101800,Kopírování / tisk,čin.míst.spr.-kopírování,accrual_cost
aaa7c6e5a4f2,2025,8,326700,Veřejná zeleň,veř.zeleň-odvoz suti,accrual_cost
af6fd16b8835,2025,8,626000,Ostatní,SDH - STK včetně emisí,accrual_cost
c8b87e214bd4,2025,8,3900,Veřejná zeleň,veř.zeleň-postřikovač anůžky na živý plot,accrual_cost
f3970db5c6f1,2025,4,119680,Ostatní,čin.míst.spr.-certifikáty,accrual_cost
6baf712c73f4,2025,4,2722500,GDPR / pověřenec,čin.míst.spr.-správcovství GDPR,accrual_cost
0926eac519c4,2025,4,4356000,Právní služby,čin.míst.spr-právní služby,accrual_cost
bd45d88d1942,2025,5,875100,Správa / odborné služby,čin.míst.spr-tech.pomoc,accrual_cost
f19f2748cce5,2025,10,296450,Ostatní,čin.míst.spr.-registr nemovitostí-udržovací poplatek,accrual_cost
7d4067fef781,2025,11,5227200,Právní služby,čin.míst.spr.-právní služby,accrual_cost
ae557efa14b1,2025,12,6000,Voda/kanalizace (provoz),voda-poštovné,accrual_cost
19900b44c098,2025,6,5445000,Právní služby,čin.míst.spr.-právní služby,accrual_cost
55d18c659e12,2025,6,2722500,GDPR / pověřenec,čin.míst.spr.-právní služby,accrual_cost
3d2ec8f2e824,2025,6,229000,Správa / odborné služby,čin.míst.spr.-školení,accrual_cost
a8f2dc1727f2,2025,6,365000,Voda/kanalizace (provoz),kanalizace-deratizace,accrual_cost
3fea9f6b6953,2025,11,204566,Telekomunikace / IT,"pošta,správa-vyúčtování telefony a internet",accrual_cost
5bc595cafc1b,2025,11,359635,Telekomunikace / IT,"voda,zeleň,správa,starosta-vyúčtování telefony",accrual_cost
0531e8749660,2025,12,3982000,Veřejná zeleň,veř.zeleň-výroba prken,accrual_cost
5b24342df102,2025,12,2377000,Zámek (budova),"pojištění-zámek, ZŠ, MŠ, kaple, obecní dům, kancelář OÚ, odpovědnost",accrual_cost
7ec0a38764ee,2025,2,271886,Telekomunikace / IT,"voda,správa, veř.zeleň,starosta-vyúčtování telefony",accrual_cost
04ec756c9d6e,2025,2,280099,Telekomunikace / IT,"správa, voda-vyúčtování telefony a internet",accrual_cost
e35e067bc845,2025,2,443000,Ostatní,čin.míst.spr.-povinné ručení škoda yeti,accrual_cost
369baf3fb962,2025,2,3025000,Ostatní,kompostéry-dotační management,accrual_cost
133134968fed,2025,2,166860,Voda/kanalizace (provoz),voda-kalkulační výměr,accrual_cost
78912cbc6e24,2025,3,3615480,Ostatní,čin.míst.spr.-licence na Munipolis,accrual_cost
87e52520564f,2025,9,448789,Odpady (svoz),svoz odpadů,accrual_cost
ce2024c7712d,2025,10,5488000,Voda/kanalizace (provoz),zpravodaj,accrual_cost
5766cc9601fb,2025,12,1680000,Voda/kanalizace (provoz),"voda,kanalizace-odborný dozor",accrual_cost
8d84c7c7b6f1,2025,2,753600,Ostatní,lesní hosp.-těžba dřeva,accrual_cost
46d4e3bf8184,2025,8,740000,Voda/kanalizace (provoz),voda-revize hydrantů,accrual_cost
80d14ebdc811,2025,11,10000,Bankovní poplatky,bankovní poplatky,accrual_cost
397870190fe0,2025,4,435100,Správa / odborné služby,čin.míst.spr.-tech.pomoc,accrual_cost
7542a9984169,2025,4,242999,Správa / odborné služby,čin.míst.spr.-tech.pomoc,accrual_cost
c485d00a994d,2025,10,740000,Ostatní,čin.míst.spr.-daňový poradce,accrual_cost
18d5a143eac5,2025,11,314600,Ostatní,čin.míst.spr.-technická pomoc,accrual_cost
d3d8d7c92fe4,2025,12,1796900,Ostatní,SDH-dražba hasičského vozidla,accrual_cost
b17347f1e962,2025,12,994580,Voda/kanalizace (provoz),voda-kalkulační výměr,accrual_cost
da93c2968f8a,2025,12,102800,Poštovné,čin.míst.spr.-poštovné,accrual_cost
08ab0ee6c724,2025,12,47000,Veřejná zeleň,veřejná zeleň-výměna PB lahve,accrual_cost
bdae4120f3df,2025,1,6534000,Právní služby,čin.míst.spr.-právní služby,accrual_cost
e8395e60580f,2025,1,397000,Ostatní,hasiči-pojištění,accrual_cost
1b7ade08d3ed,2025,1,50000,Zámek (budova),zámek-výroba náhradních kůíčů od vstupních vrat,accrual_cost
0801a93188eb,2025,3,3345700,Ostatní,čin.míst.spr.-KEO-udržovací poplatek,accrual_cost
6cecb550362a,2025,8,660000,Voda/kanalizace (provoz),"voda,kanalizace-odborný zástup",accrual_cost
a2f4b133ee49,2025,8,423600,Odpady (svoz),uložení odpadu,accrual_cost
adf303e50616,2025,1,731500,Ostatní,čin.míst.spr.-daňový poradce,accrual_cost
e4b7ada10872,2025,4,30936600,ČOV / odpadní vody,odpadní voda převzatá,accrual_cost
cecbcff8bab8,2025,5,5000,Ostatní,"čin.míst,spr.-parkovné",accrual_cost
1c2c3fb8aca6,2025,10,1210000,Ostatní,kontejner na textil,accrual_cost
ccad41ace996,2025,1,210000,Správa / odborné služby,čin.míst.spr.-školení mzdy,accrual_cost
2985a673cdc3,2025,2,87800,Bankovní poplatky,bankovní poplatky,accrual_cost
c79232864cc7,2025,4,29000,Poštovné,čin.míst.spr.-poštovné,accrual_cost
07731994ce96,2025,4,480000,Zámek (budova),zámek-posouzení dřevěných prvků,accrual_cost
7727dfc2a44c,2025,5,124000,Veřejná zeleň,veř.zeleň-povinné ručení,accrual_cost
7727dfc2a44c,2025,5,217400,Ostatní,hasiči-povinné ručení,accrual_cost
527bd9c05b2c,2025,7,75680,Ostatní,čin.míst.spr.-certifikát Tomečková,accrual_cost
978deac3544f,2025,7,320000,Právní služby,veřejnoprávní služby,accrual_cost
fdddcfe67e99,2025,7,1500000,Ostatní,promítání filmu,accrual_cost
ee5661170367,2025,7,56000,Ostatní,čin.míst.spr.-vstupní prohlídka,accrual_cost
a782c1eccd9e,2025,5,132000,Telekomunikace / IT,čin.místs.spr.-datový terzor,accrual_cost
a43cffc425e2,2025,5,579590,Ostatní,čin.míst.spr.-inzerát na práci,accrual_cost
73af9dc75254,2025,6,1060000,Voda/kanalizace (provoz),"voda, kanalizace-odborný dozor",accrual_cost
4203699f55e6,2025,6,688200,Správa / odborné služby,čin.míst.spr.-tech.pomoc PC,accrual_cost
09ff281d69fa,2025,7,142200,Veřejná zeleň,veř.zeleň-data ČHMÚ k manipulačnímu řádu,accrual_cost
07d056394312,2025,10,31000,Poštovné,čin.míst.spr.-poštovné,accrual_cost
3792d8711ab6,2025,12,600000,Voda/kanalizace (provoz),"voda,kanalizace-poradenství",accrual_cost
97e9bc4cc1c6,2025,2,2722500,GDPR / pověřenec,čin.míst.spr.-právní služby,accrual_cost
621ad6177d46,2025,3,242000,Ostatní,čin.míst.spr.-nájem,accrual_cost
5eb718a1f117,2025,6,1965207,Voda/kanalizace (provoz),voda-laboratorní rozbor,accrual_cost
3af7f56ac5b7,2025,11,75680,Ostatní,čin.míst.spr.-certifikáty,accrual_cost
c3f54a55dd27,2025,1,109000,Bankovní poplatky,bankovní poplatky,accrual_cost
4c8af32881f1,2025,3,372200,Správa / odborné služby,čin.míst.spr.-tech.pomoc,accrual_cost
ec037ba10a9b,2025,3,32000,Bankovní poplatky,bankovní poplatky,accrual_cost
aecced67f467,2025,5,5662800,Právní služby,čin.míst.spr.-právní služby,accrual_cost
4f3cbee71eb8,2025,5,2722500,GDPR / pověřenec,čin.míst.spr-právní služby GDPR,accrual_cost
658f9819e62a,2025,6,18000,Bankovní poplatky,bankovní poplatky,accrual_cost
b0db2e09e326,2025,6,1013400,Ostatní,čin.míst.spr.-povinné ručení Ford,accrual_cost
df35fda701f8,2025,6,43000,Zámek (budova),zámek-zasklení okna,accrual_cost
30a87db14515,2025,7,11733370,Ostatní,zš-provedení sond na opravu podlah,accrual_cost
9be252974c1d,2025,8,1338357,Odpady (svoz),svoz odpadů,accrual_cost
2504ecaca6bb,2025,8,125800,Ostatní,knihovna-technická pomoc,accrual_cost
a24728d4f272,2025,8,250000,Správa / odborné služby,dětské hřiště-revize herních prvků,accrual_cost
d015b09ad45e,2025,10,63800,Bankovní poplatky,bankovní poplatky,accrual_cost
21a028824879,2025,3,3400,Poštovné,čin.míst.spr.-poštovné,accrual_cost
c268ad83d845,2025,4,102200,Bankovní poplatky,bankovní poplatky,accrual_cost
d9791e08cbbf,2025,7,67400,Bankovní poplatky,bankovní poplatky,accrual_cost
42a6fa99e92f,2025,8,210995,Voda/kanalizace (provoz),voda-kalkulační výměr,accrual_cost
9989c91ec515,2025,2,15200,Poštovné,čin.míst.spr.-poštovné,accrual_cost
5f544bc3c482,2025,5,312700,Správa / odborné služby,čin.míst.spr.-tech.pomoc,accrual_cost
4ec9cf6b4b0a,2025,8,29753900,Zámek (budova),zámek-instalace lešení,accrual_cost
67e353037932,2025,9,69200,Bankovní poplatky,bankovní poplatky,accrual_cost
ac8d2b832dc1,2025,10,404312,Telekomunikace / IT,"správa,starosta,voda,zeleň-vyúčtování telefony",accrual_cost
62e670744e0c,2025,11,435237,Odpady (svoz),svoz odpadů,accrual_cost
4277b0858485,2025,11,730840,Odpady (svoz),svoz odpadů,accrual_cost
24d710b33932,2025,12,64400,Bankovní poplatky,bankovní poplatky,accrual_cost
9a2feb530bef,2025,2,25000,Bankovní poplatky,bankovní poplatky,accrual_cost
34ee0cdbbf01,2025,2,79600,Bankovní poplatky,bankovní poplatky,accrual_cost
a963999ab541,2025,2,80,Bankovní poplatky,bankovní poplatky,accrual_cost
a963999ab541,2025,2,1000,Bankovní poplatky,bankovní poplatky,accrual_cost
567269c273c5,2025,2,9900,Bankovní poplatky,bankovní poplatky,accrual_cost
85e0d4752352,2025,2,273567,Telekomunikace / IT,"voda,veř.zeleň,správa,starosta-vyúčtování telefony",accrual_cost
8c5850f871a8,2025,2,280096,Telekomunikace / IT,"správa-vyúčtování internet a telefo, pošta-vyúčtování telefon",accrual_cost
d0d5f928e814,2025,3,777116,Odpady (svoz),svoz nebezpečného odpadu,accrual_cost
fa981ea9e1b2,2025,6,63200,Bankovní poplatky,bankovní poplatky,accrual_cost
70e1b752f055,2025,7,135400,Kopírování / tisk,čin.míst.spr.-kopírování,accrual_cost
f4d00bcc818a,2025,8,76000,Ostatní,lékařská prohlídka,accrual_cost
cf24f74f15c0,2025,11,7600,Poštovné,čin.míst.spr.-poštovné,accrual_cost
5e2c83072938,2025,11,25000,Bankovní poplatky,bankovní poplatky,accrual_cost
6499f9821e6a,2025,1,173800,Poštovné,čin.míst.spr.-poštovné,accrual_cost
fcde9b4a4b13,2025,3,92600,Bankovní poplatky,bankovní poplatky,accrual_cost
34adf0ad4444,2025,4,392000,Správa / odborné služby,čin.míst.spr.-školení,accrual_cost
390fe8f28fa1,2025,5,340000,Veřejná zeleň,veř.zeleň-STK,accrual_cost
ccda6b832807,2025,8,25000,Bankovní poplatky,bankovní poplatky,accrual_cost
ab5d99371d9f,2025,8,280099,Telekomunikace / IT,"pošta, správa-vyúčtování telefony a internet",accrual_cost
9752da58c30f,2025,9,601424,Odpady (svoz),svoz nebezpečného odpadu,accrual_cost
f6e68bf1335c,2025,9,99000,Poštovné,volby do PS PČR a čin.míst.spr.-poštovné,accrual_cost
2ed817f88a60,2025,10,335896,Odpady (svoz),svoz odpadů,accrual_cost
a975f7b385e7,2025,11,67400,Bankovní poplatky,bankovní poplatky,accrual_cost
7a2c6aa4dd7d,2025,3,13592535,Zámek (budova),zámek-vyklízení prostor,accrual_cost
ea75675dc463,2025,4,25000,Bankovní poplatky,bankovní poplatky,accrual_cost
ec5147441e56,2025,4,80,Bankovní poplatky,bankovní poplatky,accrual_cost
ec5147441e56,2025,4,1000,Bankovní poplatky,bankovní poplatky,accrual_cost
e4b7ada10872,2025,4,63500,Bankovní poplatky,bankovní poplatky,accrual_cost
a8c380d39c17,2025,4,9900,Bankovní poplatky,bankovní poplatky,accrual_cost
81664432ef4f,2025,5,25000,Bankovní poplatky,bankovní poplatky,accrual_cost
fa05b4026c8b,2025,5,80,Bankovní poplatky,bankovní poplatky,accrual_cost
fa05b4026c8b,2025,5,1000,Bankovní poplatky,bankovní poplatky,accrual_cost
b17f7bcafed6,2025,6,160,Bankovní poplatky,bankovní poplatky,accrual_cost
b17f7bcafed6,2025,6,1000,Bankovní poplatky,bankovní poplatky,accrual_cost
de8b2f47dc2e,2025,6,9900,Bankovní poplatky,bankovní poplatky,accrual_cost
7dc7a042bf04,2025,6,25000,Bankovní poplatky,bankovní poplatky,accrual_cost
079ca7c5fbbb,2025,6,762400,Ostatní,pořez kulatiny,accrual_cost
e5e840af6f26,2025,6,1875000,Správa / odborné služby,čin.míst.spr.-služby BOZP,accrual_cost
57f808ccb75a,2025,8,370000,Ostatní,čin.míst.spr.-obec účtuje dotazy,accrual_cost
25a3f418557b,2025,8,63400,Bankovní poplatky,bankovní poplatky,accrual_cost
b27fb1942248,2025,9,25000,Bankovní poplatky,bankovní poplatky,accrual_cost
a19ec93d14b9,2025,9,80,Bankovní poplatky,bankovní poplatky,accrual_cost
a19ec93d14b9,2025,9,1000,Bankovní poplatky,bankovní poplatky,accrual_cost
007b56bff654,2025,9,13800,Bankovní poplatky,bankovní poplatky,accrual_cost
a71e6f8320ce,2025,9,9900,Bankovní poplatky,bankovní poplatky,accrual_cost
7947fd61bd7a,2025,9,125100,Kopírování / tisk,čin.míst.spr.-kopírování,accrual_cost
cf8feee58bf5,2025,10,630700,Správa / odborné služby,čin.míst.spr.-tech.pomoc,accrual_cost
882afd2c82ef,2025,11,80,Bankovní poplatky,bankovní poplatky,accrual_cost
882afd2c82ef,2025,11,1000,Bankovní poplatky,bankovní poplatky,accrual_cost
bf40b55c533a,2025,11,12400,Bankovní poplatky,bankovní poplatky,accrual_cost
0803c838075a,2025,11,9900,Bankovní poplatky,bankovní poplatky,accrual_cost
810901986e1e,2025,1,25000,Bankovní poplatky,bankovní poplatky,accrual_cost
9b7133555730,2025,1,80,Bankovní poplatky,bankovní poplatky,accrual_cost
9b7133555730,2025,1,1000,Bankovní poplatky,bankovní poplatky,accrual_cost
bf5d2f275bc6,2025,1,137000,Bankovní poplatky,bankovní poplatky,accrual_cost
4291ac4f6cd2,2025,1,9900,Bankovní poplatky,bankovní poplatky,accrual_cost
4b0e4a8a5e7d,2025,1,435600,Ostatní,čin.míst.spr.-úřední deska,accrual_cost
7d654605e6c9,2025,3,25000,Bankovní poplatky,bankovní poplatky,accrual_cost
480bc7fd2ec0,2025,3,160,Bankovní poplatky,bankovní poplatky,accrual_cost
480bc7fd2ec0,2025,3,1000,Bankovní poplatky,bankovní poplatky,accrual_cost
9c3513be95d7,2025,3,9900,Bankovní poplatky,bankovní poplatky,accrual_cost
560142c4415c,2025,5,106400,Bankovní poplatky,bankovní poplatky,accrual_cost
08a111df2e5a,2025,5,20100,Bankovní poplatky,bankovní poplatky,accrual_cost
f31b969c4a14,2025,5,9900,Bankovní poplatky,bankovní poplatky,accrual_cost
2e6e515abf3f,2025,7,58600,Bankovní poplatky,bankovní poplatky,accrual_cost
c42e0a52fbef,2025,7,9900,Bankovní poplatky,bankovní poplatky,accrual_cost
51c7c49afd4e,2025,7,80,Bankovní poplatky,bankovní poplatky,accrual_cost
51c7c49afd4e,2025,7,1000,Bankovní poplatky,bankovní poplatky,accrual_cost
3db994515d47,2025,7,25000,Bankovní poplatky,bankovní poplatky,accrual_cost
8014559652db,2025,8,80,Bankovní poplatky,bankovní poplatky,accrual_cost
8014559652db,2025,8,1000,Bankovní poplatky,bankovní poplatky,accrual_cost
dd8430e79c6e,2025,8,13800,Bankovní poplatky,bankovní poplatky,accrual_cost
30793ad0b90c,2025,8,9900,Bankovní poplatky,bankovní poplatky,accrual_cost
81be962c72a3,2025,10,25000,Bankovní poplatky,bankovní poplatky,accrual_cost
ecd01b7edfb4,2025,10,55800,Bankovní poplatky,bankovní poplatky,accrual_cost
678a5c68a62d,2025,10,9900,Bankovní poplatky,bankovní poplatky,accrual_cost
d85cbdf44cbf,2025,10,80,Bankovní poplatky,bankovní poplatky,accrual_cost
d85cbdf44cbf,2025,10,1000,Bankovní poplatky,bankovní poplatky,accrual_cost
fad753e0bf70,2025,10,-30936600,Opravy/storna dokladů,Oprava dokladu,accrual_cost
405f6a0ebd15,2025,10,1,Opravy/storna dokladů,Oprava dokladu,accrual_cost
4cedca4c6728,2025,12,25000,Bankovní poplatky,bankovní poplatky,accrual_cost
e67267e43bb3,2025,12,12400,Bankovní poplatky,bankovní poplatky,accrual_cost
73d721a0ea29,2025,12,9900,Bankovní poplatky,bankovní poplatky,accrual_cost
6adeebe62452,2025,12,80,Bankovní poplatky,bankovní poplatky,accrual_cost
6adeebe62452,2025,12,1000,Bankovní poplatky,bankovní poplatky,accrual_cost
327d7896274e,2025,12,127696,Telekomunikace / IT,čin.míst.spr.-komunikační služby,accrual_cost
c3cb8ac4280f,2025,12,12778480,Odpady (svoz),svoz odpadů,accrual_cost
0f91686053ac,2025,12,198700,Kopírování / tisk,čin.míst.spr.-kopírování,accrual_cost
8bb8dc9528ff,2025,12,140605,Telekomunikace / IT,"správa,pošta-vyúčtování telefony",accrual_cost
ec5ed1bdc30d,2025,12,391786,Telekomunikace / IT,"voda,správa,zeleň,starosta-vyúčtování telefony, internet",accrual_cost
